Country Name,Country Code,Indicator Name,Indicator Code,1960,1961,1962,1963,1964,1965,1966,1967,1968,1969,1970,1971,1972,1973,1974,1975,1976,1977,1978,1979,1980,1981,1982,1983,1984,1985,1986,1987,1988,1989,1990,1991,1992,1993,1994,1995,1996,1997,1998,1999,2000,2001,2002,2003,2004,2005,2006,2007,2008,2009,2010,2011,2012,2013,2014,2015,2016,2017,2018,2019,2020,2021,2022,2023
Aruba,ABW,Current health expenditure (% of GDP),SH.XPD.CHEX.GD.ZS,,,,,,,,,,,,,,,,,,,,,,,,,,,,,,,,,,,,,,,,,,,,,,,,,,,,,,,,,,,,,,,,
Afghanistan,AFG,Current health expenditure (% of GDP),SH.XPD.CHEX.GD.ZS,,,,,,,,,,,,,,,,,,,,,,,,,,,,,,,,,,,,,,,,,,,9.44339085,8.94125843,9.80847359,9.94828892,10.62276554,9.90467453,10.25649548,9.81848717,8.56967163,8.56190777,7.89716864,8.80596447,9.52887821,10.10534763,11.81859016,12.62081718,14.20841891,14.8313194,15.53361392,16.82606226,16.82606226,
Angola,AGO,Current health expenditure (% of GDP),SH.XPD.CHEX.GD.ZS,,,,,,,,,,,,,,,,,,,,,,,,,,,,,,,,,,,,,,,,,1.90859938,4.48351622,3.32946134,3.54797316,3.96719909,2.85219526,2.68553543,2.97439122,3.32290339,3.84260798,2.69509959,2.64560771,2.39574957,2.73282695,2.43412876,2.60579467,2.71314979,2.79383755,2.58879566,2.65592647,2.91183472,2.9816210964931362,3.0530800055344263,
Albania,ALB,Current health expenditure (% of GDP),SH.XPD.CHEX.GD.ZS,,,,,,,,,,,,,,,,,,,,,,,,,,,,,,,,,,,,,,,,,5.94418573,5.92583275,5.6645999,6.19891882,6.0557785,5.83303022,5.6859889,5.70842791,5.50962448,5.7276206,6.23899555,6.11952829,6.09262609,6.27234411,6.44164276,6.48361206,6.66606188,6.54604626,6.65958786,6.66606188,6.66606188,6.66606188,6.66606188,
Andorra,AND,Current health expenditure (% of GDP),SH.XPD.CHEX.GD.ZS,,,,,,,,,,,,,,,,,,,,,,,,,,,,,,,,,,,,,,,,,5.95210266,5.85757971,5.99556017,5.54707241,5.2878232,5.59412527,4.96465921,4.92283344,5.6700263,6.08030987,7.87839746,7.70434046,6.74644995,6.83291245,6.82586813,7.02324152,7.00839424,7.16179609,7.43045759,7.40840626,9.05175877,9.05175877,9.05175877,
United Arab Emirates,ARE,Current health expenditure (% of GDP),SH.XPD.CHEX.GD.ZS,,,,,,,,,,,,,,,,,,,,,,,,,,,,,,,,,,,,,,,,,2.37413526,2.48437047,2.71770859,2.64634395,2.46204329,2.32019687,2.3254137,2.56569624,2.92847514,4.04999304,3.87873054,3.67006993,3.4251945,3.59299517,3.63020706,3.58359146,3.4660213,4.05960608,4.14547014,4.29904938,5.67226824,5.67226824,5.67226824,
Argentina,ARG,Current health expenditure (% of GDP),SH.XPD.CHEX.GD.ZS,,,,,,,,,,,,,,,,,,,,,,,,,,,,,,,,,,,,,,,,,8.22001076,8.37179852,7.3933115,6.89451647,7.22868252,7.61078882,7.64032793,7.83455086,8.1826973,9.45599556,9.44546413,9.41819859,9.82726669,9.78097916,9.67129993,10.22933674,9.00189781,10.44225693,9.49909592,9.47170544,9.98438072,9.986250009492968,9.988119648956886,
Armenia,ARM,Current health expenditure (% of GDP),SH.XPD.CHEX.GD.ZS,,,,,,,,,,,,,,,,,,,,,,,,,,,,,,,,,,,,,,,,,4.19581175,4.64563894,7.61358786,7.17936182,6.05510139,5.8618803,5.85007095,5.49814034,6.63976622,8.44377708,9.23538303,9.37588882,9.13455009,10.32345009,10.17827892,10.11762714,9.95195866,10.36270523,10.00543404,11.3798008,12.24103546,12.24103546,12.24103546,
American Samoa,ASM,Current health expenditure (% of GDP),SH.XPD.CHEX.GD.ZS,,,,,,,,,,,,,,,,,,,,,,,,,,,,,,,,,,,,,,,,,,,,,,,,,,,,,,,,,,,,,,,,
Antigua and Barbuda,ATG,Current health expenditure (% of GDP),SH.XPD.CHEX.GD.ZS,,,,,,,,,,,,,,,,,,,,,,,,,,,,,,,,,,,,,,,,,4.71542597,5.43839121,5.28793621,5.58143282,5.11667967,4.99094057,4.63050652,4.44609547,4.20027018,4.17732763,5.37907028,5.44257212,5.47921467,5.50909233,5.87269926,5.27965546,5.12190151,4.87493944,4.84869289,4.37567186,5.61472893,5.7294184362815015,5.84645065278376,
Australia,AUS,Current health expenditure (% of GDP),SH.XPD.CHEX.GD.ZS,,,,,,,,,,,,,,,,,,,,,,,,,,,,,,,,,,,,,,,,,7.59961653,7.68272257,7.87807608,7.88292599,8.09003353,7.97402954,7.98143196,8.05890179,8.25374031,8.55233955,8.42325497,8.53956795,8.67481709,8.75082779,9.84760189,10.18361282,10.09023094,10.1257143,10.07391548,10.22989082,10.6489954,10.6489954,10.6489954,
Austria,AUT,Current health expenditure (% of GDP),SH.XPD.CHEX.GD.ZS,,,,,,,,,,,,,,,,,,,,,,,,,,,,,,,,,,,,,,,,,9.20371342,9.26942921,9.3947649,9.5472393,9.70939922,9.62702942,9.5311327,9.53209686,9.72564602,10.22582531,10.22101879,10.02613258,10.19915581,10.28574848,10.36809158,10.36746693,10.3522625,10.38402557,10.34483242,10.47507858,11.47426033,12.17357063,12.17357063,
Azerbaijan,AZE,Current health expenditure (% of GDP),SH.XPD.CHEX.GD.ZS,,,,,,,,,,,,,,,,,,,,,,,,,,,,,,,,,,,,,,,,,2.94891715,2.75582409,2.73276305,2.73488688,2.6652894,2.26107669,2.06678391,1.99021435,1.9388088,2.6137836,2.48996639,2.44641805,2.96481562,3.03672314,3.37713742,4.10663605,4.03655434,3.73651457,3.55621028,4.0731144,4.60676527,4.60676527,4.60676527,
Burundi,BDI,Current health expenditure (% of GDP),SH.XPD.CHEX.GD.ZS,,,,,,,,,,,,,,,,,,,,,,,,,,,,,,,,,,,,,,,,,6.17697191,6.40484381,6.47216082,6.31327677,7.70102644,8.42368603,9.94232273,10.5808115,9.23542786,10.35023308,11.27638912,10.06996346,8.52668476,8.53728485,7.21081543,6.29022646,7.17137861,7.28069401,7.39932251,6.53989458,6.50141716,6.5658937462159415,6.631009766891747,
Belgium,BEL,Current health expenditure (% of GDP),SH.XPD.CHEX.GD.ZS,,,,,,,,,,,,,,,,,,,,,,,,,,,,,,,,,,,,,,,,,7.99917603,8.14988899,8.3182106,9.16443539,9.32808685,9.22374916,9.12963009,9.13628769,9.5951395,10.32117939,10.2022934,10.36337948,10.4796896,10.54895115,10.57526302,10.77388,10.76264191,10.75165462,10.78789711,10.6635952,11.06453228,11.06453228,11.06453228,
Benin,BEN,Current health expenditure (% of GDP),SH.XPD.CHEX.GD.ZS,,,,,,,,,,,,,,,,,,,,,,,,,,,,,,,,,,,,,,,,,3.1027081,3.24909639,3.04335308,3.03765345,3.07606173,2.93478227,2.97331023,2.89382267,2.69675088,2.8252821,2.99710202,3.09628081,3.41449809,2.85861254,2.66743708,2.67942166,2.47028542,2.60406828,2.48485804,2.32052207,2.5893681,2.5790347152634903,2.5687425679393487,
Burkina Faso,BFA,Current health expenditure (% of GDP),SH.XPD.CHEX.GD.ZS,,,,,,,,,,,,,,,,,,,,,,,,,,,,,,,,,,,,,,,,,2.9502635,2.88835382,2.97113013,3.14307284,4.21720934,3.95109582,4.51446247,5.23373222,4.64780712,5.08159161,5.23958349,4.64868164,4.60267258,5.56331587,5.00027227,5.13192415,5.95461321,6.05631208,4.95254326,5.38121271,6.71932602,6.71932602,6.71932602,
Bangladesh,BGD,Current health expenditure (% of GDP),SH.XPD.CHEX.GD.ZS,,,,,,,,,,,,,,,,,,,,,,,,,,,,,,,,,,,,,,,,,2.11065245,2.10228109,2.29728079,2.3469069,2.37531114,2.44882679,2.52336478,2.60268927,2.53812432,2.61530614,2.74091864,2.83208537,2.81963444,2.75010324,2.7302258,2.72187114,2.86227322,2.78472567,2.71634603,2.620749,2.6280098,2.610934013394902,2.593969178616613,
Bulgaria,BGR,Current health expenditure (% of GDP),SH.XPD.CHEX.GD.ZS,,,,,,,,,,,,,,,,,,,,,,,,,,,,,,,,,,,,,,,,,5.82970953,6.85958815,7.0809865,7.19987392,6.89090872,6.89011478,6.52544546,6.16035938,6.28771019,6.59577608,7.09571743,7.1026721,7.53875399,7.1426816,7.68282461,7.3912921,7.45653582,7.49168301,7.32867956,7.08924437,8.52063847,8.52063847,8.52063847,
Bahrain,BHR,Current health expenditure (% of GDP),SH.XPD.CHEX.GD.ZS,,,,,,,,,,,,,,,,,,,,,,,,,,,,,,,,,,,,,,,,,3.33542562,3.48573017,3.67866111,3.88658071,3.49817729,3.25870824,3.10821271,3.29534078,3.2038722,4.32666922,4.08934975,3.8651762,4.10642147,4.30853891,4.41240263,4.97671938,4.86051178,4.51235688,4.12745647,3.95980344,4.72300106,4.696399761592467,4.669948289337411,
"Bahamas, The",BHS,Current health expenditure (% of GDP),SH.XPD.CHEX.GD.ZS,,,,,,,,,,,,,,,,,,,,,,,,,,,,,,,,,,,,,,,,,3.80487037,3.92440891,3.81251931,4.01998568,4.04628181,4.03196478,4.30935764,4.4965229,4.86301756,5.15061378,5.256392,5.32458639,5.31605101,5.62718821,5.55243731,5.14505529,5.58737278,6.67579222,6.01182079,5.90402126,7.59363365,7.59363365,7.59363365,
Bosnia and Herzegovina,BIH,Current health expenditure (% of GDP),SH.XPD.CHEX.GD.ZS,,,,,,,,,,,,,,,,,,,,,,,,,,,,,,,,,,,,,,,,,7.99843025,7.60725927,7.42553377,8.30536652,9.06270218,9.05223751,9.17218685,9.5306015,9.68943882,9.02212143,9.01888275,9.17856026,9.49001503,9.44886494,9.49011135,9.35174561,9.24976635,8.93797779,8.89146042,9.04909897,9.8411274,9.8411274,9.8411274,
Belarus,BLR,Current health expenditure (% of GDP),SH.XPD.CHEX.GD.ZS,,,,,,,,,,,,,,,,,,,,,,,,,,,,,,,,,,,,,,,,,5.2760601,5.70827103,5.62329483,5.76984167,5.73709631,6.07036781,5.57381344,5.69203281,5.29415369,5.39037848,5.65694046,4.87438536,5.24532652,5.69559479,5.38793325,6.06533289,5.91054153,5.75974846,5.52699471,5.86133814,6.40607214,6.40607214,6.40607214,
Belize,BLZ,Current health expenditure (% of GDP),SH.XPD.CHEX.GD.ZS,,,,,,,,,,,,,,,,,,,,,,,,,,,,,,,,,,,,,,,,,3.94477701,4.61388969,4.6827364,4.58048201,4.45052433,4.45325851,4.55476046,5.27267647,5.66974115,5.76006603,5.63032866,5.69136333,5.43051958,5.63784933,6.1609683,5.891294,6.06179619,5.74651003,5.80132008,6.07060003,6.92425728,6.92425728,6.92425728,
Bermuda,BMU,Current health expenditure (% of GDP),SH.XPD.CHEX.GD.ZS,,,,,,,,,,,,,,,,,,,,,,,,,,,,,,,,,,,,,,,,,,,,,,,,,,,,,,,,,,,,,,,,
Bolivia,BOL,Current health expenditure (% of GDP),SH.XPD.CHEX.GD.ZS,,,,,,,,,,,,,,,,,,,,,,,,,,,,,,,,,,,,,,,,,4.39554119,4.82522202,4.89645052,5.19709635,4.86315727,5.07408142,4.66087532,4.6968894,4.60677242,5.17444515,5.20230532,5.17306805,5.2539444,5.57465124,5.89613628,6.55064964,6.83333063,6.4901948,6.60399437,6.88792992,7.857059,7.857059,7.857059,
Brazil,BRA,Current health expenditure (% of GDP),SH.XPD.CHEX.GD.ZS,,,,,,,,,,,,,,,,,,,,,,,,,,,,,,,,,,,,,,,,,8.33457184,8.54963303,8.69686985,8.18899441,8.12491989,8.03539562,8.24952507,8.20182991,8.01128483,8.39480495,7.94516611,7.78819132,7.73637581,7.9766016,8.39644337,8.90930176,9.16901493,9.47125053,9.46474838,9.61449146,10.31291676,10.31291676,10.31291676,
Barbados,BRB,Current health expenditure (% of GDP),SH.XPD.CHEX.GD.ZS,,,,,,,,,,,,,,,,,,,,,,,,,,,,,,,,,,,,,,,,,5.33187246,5.52529192,5.86123466,6.68377304,7.31510305,6.76892185,6.58324289,6.05583191,6.47676325,7.1486845,6.77398682,6.8993392,7.77819967,7.49560881,6.99789667,6.7748456,6.68155146,6.62216997,6.56259108,6.1940732,7.20014429,7.307592823442267,7.41664482299214,
Brunei Darussalam,BRN,Current health expenditure (% of GDP),SH.XPD.CHEX.GD.ZS,,,,,,,,,,,,,,,,,,,,,,,,,,,,,,,,,,,,,,,,,2.55124474,2.54995036,2.53798175,2.60610557,2.5552268,2.23678851,1.91712439,1.96159494,1.87878013,2.38892293,2.27826095,1.86409724,1.85097206,1.898314,1.91436803,2.38708901,2.54828691,2.27036428,2.41289377,2.19410944,2.39377809,2.4041067227571444,2.4144799213222377,
Bhutan,BTN,Current health expenditure (% of GDP),SH.XPD.CHEX.GD.ZS,,,,,,,,,,,,,,,,,,,,,,,,,,,,,,,,,,,,,,,,,4.44684267,5.0041995,4.59563637,4.1293807,4.59777308,4.13416338,4.4061017,4.1298461,3.38117099,3.5476253,3.55879498,3.34921789,3.61913681,3.70787191,3.55791116,3.75701189,3.57613945,3.3407371,3.2427721,3.60361075,4.37174511,4.530123626430065,4.694239841155762,
Botswana,BWA,Current health expenditure (% of GDP),SH.XPD.CHEX.GD.ZS,,,,,,,,,,,,,,,,,,,,,,,,,,,,,,,,,,,,,,,,,5.93539572,6.18953037,6.47326517,6.21158695,5.88532591,5.06940031,4.87897778,5.52080727,5.89747286,6.62081194,6.26718187,5.86915016,6.35010576,6.49913645,5.8804059,6.10287762,5.76837635,6.62986994,6.04010248,6.12193108,6.18664551,6.22339370515465,6.260360181742256,
Central African Republic,CAF,Current health expenditure (% of GDP),SH.XPD.CHEX.GD.ZS,,,,,,,,,,,,,,,,,,,,,,,,,,,,,,,,,,,,,,,,,4.27478504,3.95594192,4.22761345,4.39720297,4.30442286,4.36732149,4.44105434,4.71851492,4.08699083,4.81901121,3.56699872,3.67561865,3.91814446,4.76660204,4.56557369,5.03434181,5.44402313,6.66541576,10.99695206,7.82838726,9.40206814,10.99695206,10.99695206,
Canada,CAN,Current health expenditure (% of GDP),SH.XPD.CHEX.GD.ZS,,,,,,,,,,,,,,,,,,,,,,,,,,,,,,,,,,,,,,,,,8.24814415,8.62482357,8.85670471,9.01090145,9.06628132,9.03540611,9.34210205,9.44540119,9.60754967,10.71909046,10.70161057,10.40782261,10.51472855,10.41469765,10.25806713,10.74362469,11.03318405,10.86184978,10.84608173,10.95021915,12.93967533,11.67882252,11.85835339934631,
Switzerland,CHE,Current health expenditure (% of GDP),SH.XPD.CHEX.GD.ZS,,,,,,,,,,,,,,,,,,,,,,,,,,,,,,,,,,,,,,,,,9.11401939,9.43919373,9.85215092,10.10937691,10.1849556,10.004179,9.53341675,9.36357594,9.48092842,10.06906986,9.94159698,10.0191288,10.24875641,10.46214485,10.6164217,11.00794983,11.30005455,11.48099899,11.38538456,11.28695965,11.79635048,11.79635048,11.79635048,
Channel Islands,CHI,Current health expenditure (% of GDP),SH.XPD.CHEX.GD.ZS,,,,,,,,,,,,,,,,,,,,,,,,,,,,,,,,,,,,,,,,,,,,,,,,,,,,,,,,,,,,,,,,
Chile,CHL,Current health expenditure (% of GDP),SH.XPD.CHEX.GD.ZS,,,,,,,,,,,,,,,,,,,,,,,,,,,,,,,,,,,,,,,,,7.03517675,7.15104151,7.26602364,7.33330393,6.90114975,6.58871555,6.03516722,6.17537546,6.74047947,7.20918465,6.77489376,6.7717886,7.02092028,7.44478321,7.80729866,8.30269146,8.51866722,9.06854153,9.15850353,9.33272266,9.75300503,9.09627819,9.22579023850631,
China,CHN,Current health expenditure (% of GDP),SH.XPD.CHEX.GD.ZS,,,,,,,,,,,,,,,,,,,,,,,,,,,,,,,,,,,,,,,,,4.50828123,4.25330067,4.38285255,4.41762781,4.29347467,4.17605019,3.94742203,3.67491412,3.900002,4.34958458,4.23068333,4.34274387,4.56584787,4.71490669,4.77790594,4.93827963,4.97955608,5.06592178,5.16790485,5.3502779,5.59359694,5.59359694,5.59359694,
Cote d'Ivoire,CIV,Current health expenditure (% of GDP),SH.XPD.CHEX.GD.ZS,,,,,,,,,,,,,,,,,,,,,,,,,,,,,,,,,,,,,,,,,6.1268425,6.01772738,5.90390921,5.47976875,5.47521019,5.0064311,4.76330423,4.5525341,4.56873274,4.46970224,4.41580915,4.39704227,4.42740679,3.71776772,3.73104811,3.21990895,3.35172248,3.3050983,3.1189115,3.28960407,3.72245775,3.8393458014408965,3.9599042280713173,
Cameroon,CMR,Current health expenditure (% of GDP),SH.XPD.CHEX.GD.ZS,,,,,,,,,,,,,,,,,,,,,,,,,,,,,,,,,,,,,,,,,4.11237431,3.88486743,4.02669907,3.90228009,3.72798967,3.77274442,3.73662806,3.70858574,3.65843678,3.49997187,3.57742167,3.85282946,3.9310236,3.63111043,3.78765464,3.59505081,3.5937767,3.39752436,3.61970162,3.65157914,3.76582599,3.803879030377812,3.842316590349955,
"Congo, Dem. Rep.",COD,Current health expenditure (% of GDP),SH.XPD.CHEX.GD.ZS,,,,,,,,,,,,,,,,,,,,,,,,,,,,,,,,,,,,,,,,,1.55059242,2.70775485,2.65477443,3.81817842,4.42028666,4.25265837,4.39380932,4.33555269,4.98871994,4.54615927,3.86035633,3.26267266,3.30099463,3.56663275,3.97874069,3.96921396,4.36603069,4.15646601,3.30249262,3.54229975,4.05092573,4.101739309758443,4.153190279600033,
"Congo, Rep.",COG,Current health expenditure (% of GDP),SH.XPD.CHEX.GD.ZS,,,,,,,,,,,,,,,,,,,,,,,,,,,,,,,,,,,,,,,,,1.50500846,2.18529987,1.70167828,1.91852403,1.92152369,1.71774101,1.70861316,1.90200174,2.2392714,2.1422224,1.85172856,1.75237322,1.90971065,1.94347155,1.97311735,2.45668483,2.79067326,2.51812935,1.90143239,2.56553078,4.46762228,4.46762228,4.46762228,
Colombia,COL,Current health expenditure (% of GDP),SH.XPD.CHEX.GD.ZS,,,,,,,,,,,,,,,,,,,,,,,,,,,,,,,,,,,,,,,,,5.63529348,5.94238234,5.73295689,5.77505875,5.79892778,6.06709862,6.33551502,6.49102831,6.84192705,7.31134653,7.07130098,6.78076839,6.74599648,7.01724052,7.18553209,7.52338505,7.53117037,7.67864323,7.62541389,8.1165638,8.99294186,8.99294186,8.99294186,
Comoros,COM,Current health expenditure (% of GDP),SH.XPD.CHEX.GD.ZS,,,,,,,,,,,,,,,,,,,,,,,,,,,,,,,,,,,,,,,,,7.51536942,6.65322924,6.68114853,6.65392351,6.58027744,6.12521315,5.77074099,5.41753864,5.06897497,4.92694378,4.99181557,5.3021183,5.17354631,5.10299349,5.23849726,4.60089922,4.65263557,5.26807451,4.90318584,5.18044472,5.34622765,5.520307811438286,5.700056250509002,
Cabo Verde,CPV,Current health expenditure (% of GDP),SH.XPD.CHEX.GD.ZS,,,,,,,,,,,,,,,,,,,,,,,,,,,,,,,,,,,,,,,,,4.43401194,4.75244379,4.7555151,4.50008631,4.37710667,4.27364111,4.48974991,4.18900156,3.58312893,3.88152432,4.47555733,4.30527449,5.13365459,5.28994226,5.32722235,4.82334137,4.84606647,5.2683692,5.18630934,5.06559896,6.01976061,6.01976061,6.01976061,
Costa Rica,CRI,Current health expenditure (% of GDP),SH.XPD.CHEX.GD.ZS,,,,,,,,,,,,,,,,,,,,,,,,,,,,,,,,,,,,,,,,,6.56498671,6.47409916,6.86908817,6.9691925,6.63006067,6.6642971,6.93530846,6.99642611,7.46854782,7.86019135,8.02937698,8.12197685,7.78642273,7.68229294,7.66376162,7.59196186,7.31724358,7.04522991,7.28587723,7.2212491,7.855371,7.917806635613952,7.980738518775541,
Cuba,CUB,Current health expenditure (% of GDP),SH.XPD.CHEX.GD.ZS,,,,,,,,,,,,,,,,,,,,,,,,,,,,,,,,,,,,,,,,,6.58189821,6.9820981,7.11481619,7.10295439,6.83178711,8.75525475,8.2719059,10.9674921,11.31422806,12.29053974,10.6880827,11.31298637,9.29940987,10.43099499,12.1412344,12.81401348,12.2177515,11.47197342,11.0184288,11.08496857,12.48644733,12.44989185506529,12.413443400383212,
Curacao,CUW,Current health expenditure (% of GDP),SH.XPD.CHEX.GD.ZS,,,,,,,,,,,,,,,,,,,,,,,,,,,,,,,,,,,,,,,,,,,,,,,,,,,,,,,,,,,,,,,,
Cayman Islands,CYM,Current health expenditure (% of GDP),SH.XPD.CHEX.GD.ZS,,,,,,,,,,,,,,,,,,,,,,,,,,,,,,,,,,,,,,,,,,,,,,,,,,,,,,,,,,,,,,,,
Cyprus,CYP,Current health expenditure (% of GDP),SH.XPD.CHEX.GD.ZS,,,,,,,,,,,,,,,,,,,,,,,,,,,,,,,,,,,,,,,,,5.30800056,5.33940458,5.61565971,5.63568783,5.40558147,5.43580961,5.46357489,5.35744858,6.01427698,6.46531534,6.51767111,6.44928551,6.55474567,6.94518471,6.95228958,6.81669092,6.68224382,6.64387274,6.84573793,6.94943047,8.0934782,8.0934782,8.0934782,
Czechia,CZE,Current health expenditure (% of GDP),SH.XPD.CHEX.GD.ZS,,,,,,,,,,,,,,,,,,,,,,,,,,,,,,,,,,,,,,,,,5.70103025,5.86295414,6.17736149,6.52412462,6.35071039,6.34086704,6.16380167,5.98578405,6.33024931,7.24880648,6.87530422,6.92782736,6.97858715,7.7224946,7.59677219,7.19641495,7.10654974,7.38071537,7.47199488,7.60487127,9.24007225,9.24007225,9.24007225,
Germany,DEU,Current health expenditure (% of GDP),SH.XPD.CHEX.GD.ZS,,,,,,,,,,,,,,,,,,,,,,,,,,,,,,,,,,,,,,,,,9.8881979,9.92069149,10.18365669,10.40202236,10.14603233,10.31153965,10.17995167,10.05132961,10.25128746,11.23791218,11.09592915,10.77848625,10.85349178,10.99848843,11.02219391,11.18386841,11.23263836,11.32420826,11.45727539,11.69622993,12.82248878,12.80539513,12.82248878,
Djibouti,DJI,Current health expenditure (% of GDP),SH.XPD.CHEX.GD.ZS,,,,,,,,,,,,,,,,,,,,,,,,,,,,,,,,,,,,,,,,,2.93908072,2.8072207,3.58787632,3.9768579,3.32442927,3.22467232,3.48426819,3.41498613,3.19098687,3.21451879,3.06150365,3.37656426,3.299927,2.92013574,2.96522927,3.07556486,2.72740245,2.46476936,2.26254511,2.01711535,2.00786304,1.8453848088799696,1.696054474335541,
Dominica,DMA,Current health expenditure (% of GDP),SH.XPD.CHEX.GD.ZS,,,,,,,,,,,,,,,,,,,,,,,,,,,,,,,,,,,,,,,,,5.32374382,4.64501858,4.6531105,4.84617901,4.74520159,4.97772503,4.78092194,4.79109955,5.04968786,4.98329306,5.15711927,5.33450365,5.79509926,5.34749842,5.26141691,5.15941811,5.12308073,5.27874804,6.0794425,5.13174009,5.64582825,5.780556847097068,5.918500525148066,
Denmark,DNK,Current health expenditure (% of GDP),SH.XPD.CHEX.GD.ZS,,,,,,,,,,,,,,,,,,,,,,,,,,,,,,,,,,,,,,,,,8.10438347,8.44832516,8.70251179,8.9036293,9.00743198,9.0905695,9.16879559,9.3251543,9.51134396,10.67432022,10.60774708,10.40702915,10.5219717,10.32915878,10.30918217,10.34411812,10.25162029,10.09825516,10.09764194,10.12139606,10.52817535,10.84632206,10.84632206,
Dominican Republic,DOM,Current health expenditure (% of GDP),SH.XPD.CHEX.GD.ZS,,,,,,,,,,,,,,,,,,,,,,,,,,,,,,,,,,,,,,,,,4.88427496,4.88183308,4.98649025,4.38888264,4.2877388,4.35391188,3.99365425,4.08935308,4.56146193,4.76337624,4.92355442,5.03797865,5.04897833,4.91598225,4.79757166,4.72216797,4.5766325,4.49336958,4.12601566,4.23948717,4.94000483,5.001231783922544,5.04897833,
Algeria,DZA,Current health expenditure (% of GDP),SH.XPD.CHEX.GD.ZS,,,,,,,,,,,,,,,,,,,,,,,,,,,,,,,,,,,,,,,,,3.48903275,3.83787704,3.7300415,3.60104108,3.5440731,3.23516107,3.35510349,3.82141757,4.20188284,5.35939837,5.11716986,5.26748085,6.00050974,6.03576279,6.54721403,6.97849178,6.60749817,6.27938414,6.16302586,6.25170851,6.32117987,6.2000045894825115,6.081152205783412,
Ecuador,ECU,Current health expenditure (% of GDP),SH.XPD.CHEX.GD.ZS,,,,,,,,,,,,,,,,,,,,,,,,,,,,,,,,,,,,,,,,,3.33109665,3.75336552,4.4733963,5.44066668,5.56659126,5.59422064,5.70302868,5.33981323,5.37734222,5.6990099,6.11657906,6.47737551,6.76221228,6.80123425,6.72399378,7.49149466,7.27991438,7.42857933,7.86490965,7.81824636,8.47677135,8.47677135,8.47677135,
"Egypt, Arab Rep.",EGY,Current health expenditure (% of GDP),SH.XPD.CHEX.GD.ZS,,,,,,,,,,,,,,,,,,,,,,,,,,,,,,,,,,,,,,,,,4.92244291,5.40030336,5.5107379,5.2242527,4.85732365,4.92229176,4.84190083,4.44493246,4.46634817,4.37870932,4.15319157,4.35707569,4.71025944,4.91730928,5.02518892,5.33657265,5.36399794,5.63305616,4.99379301,4.83619261,4.36497974,4.201573188687826,4.044283893950076,
Eritrea,ERI,Current health expenditure (% of GDP),SH.XPD.CHEX.GD.ZS,,,,,,,,,,,,,,,,,,,,,,,,,,,,,,,,,,,,,,,,,5.76670074,5.91931677,6.6885128,7.33703375,7.00984955,6.8641758,6.85840511,5.2786293,6.415205,5.38878489,4.92946053,5.2196908,3.78068161,5.00735378,4.05707788,4.45335579,3.518888,3.72767901,4.12820911,4.45916176,4.09359646,4.05686485381475,4.020462838224501,
Spain,ESP,Current health expenditure (% of GDP),SH.XPD.CHEX.GD.ZS,,,,,,,,,,,,,,,,,,,,,,,,,,,,,,,,,,,,,,,,,6.7992177,6.76895761,6.80052757,7.563272,7.65842772,7.73191881,7.8290596,7.9186573,8.38226032,9.10764217,9.11891174,9.16797066,9.15419865,9.06693172,9.08897781,9.12642574,8.95201397,8.94976807,9.00140381,9.13947964,10.71374989,10.71374989,10.71374989,
Estonia,EST,Current health expenditure (% of GDP),SH.XPD.CHEX.GD.ZS,,,,,,,,,,,,,,,,,,,,,,,,,,,,,,,,,,,,,,,,,5.16377735,4.78060246,4.70329475,4.86138248,5.11891699,5.0549798,4.76235056,4.98252153,5.71727228,6.54903364,6.32313585,5.81930256,5.83366966,6.01667261,6.36199951,6.64135027,6.70240974,6.59727049,6.72095728,6.82277584,7.75206661,7.46633816,7.641881706813372,
Ethiopia,ETH,Current health expenditure (% of GDP),SH.XPD.CHEX.GD.ZS,,,,,,,,,,,,,,,,,,,,,,,,,,,,,,,,,,,,,,,,,4.36504698,4.72316694,4.7126298,4.89970922,4.31281853,4.10098124,4.45757294,5.00128317,4.28063869,4.64983416,5.46637249,4.46897745,4.5395956,4.07506514,4.03365517,3.82316828,3.60033751,3.45336914,3.30371761,3.23382378,3.48096275,3.4202735902545345,3.3606425211509783,
Finland,FIN,Current health expenditure (% of GDP),SH.XPD.CHEX.GD.ZS,,,,,,,,,,,,,,,,,,,,,,,,,,,,,,,,,,,,,,,,,7.09253168,7.25090456,7.62769508,7.9380517,8.05912876,8.28795624,8.2841177,8.08359432,8.34310627,9.16122341,9.14202785,9.22303009,9.5857954,9.80534649,9.78115082,9.64523888,9.37796021,9.12670135,9.04490948,9.17165565,9.61349583,9.61103912265489,9.608583043115845,
Fiji,FJI,Current health expenditure (% of GDP),SH.XPD.CHEX.GD.ZS,,,,,,,,,,,,,,,,,,,,,,,,,,,,,,,,,,,,,,,,,3.42441177,2.90547299,2.98349524,2.97298193,3.25768542,3.25656676,3.34798193,3.41514993,3.18467116,3.53587627,3.41664124,3.14293504,3.2655499,3.20040679,3.36860466,3.32468939,3.27979708,3.18689561,3.55373192,3.81606841,3.74984646,3.81606841,3.81606841,
France,FRA,Current health expenditure (% of GDP),SH.XPD.CHEX.GD.ZS,,,,,,,,,,,,,,,,,,,,,,,,,,,,,,,,,,,,,,,,,9.58447742,9.7056284,10.02218628,10.08283424,10.16429329,10.2148447,10.38566494,10.31564426,10.50084686,11.28756237,11.22560215,11.18497562,11.29740047,11.40466881,11.53414917,11.44077206,11.48530769,11.35755825,11.21255589,11.09835148,12.20504951,12.20504951,12.20504951,
Faroe Islands,FRO,Current health expenditure (% of GDP),SH.XPD.CHEX.GD.ZS,,,,,,,,,,,,,,,,,,,,,,,,,,,,,,,,,,,,,,,,,,,,,,,,,,,,,,,,,,,,,,,,
"Micronesia, Fed. Sts.",FSM,Current health expenditure (% of GDP),SH.XPD.CHEX.GD.ZS,,,,,,,,,,,,,,,,,,,,,,,,,,,,,,,,,,,,,,,,,7.76511145,8.45260048,7.89720392,9.57150459,12.02715683,17.73306656,10.74129105,11.0585041,11.99137974,12.55259323,13.10624504,13.09527397,12.27709675,12.10208416,11.72290421,12.46286297,13.13244915,12.19635487,11.65710258,11.2604599,11.5599966,11.400020575032453,11.242258419969021,
Gabon,GAB,Current health expenditure (% of GDP),SH.XPD.CHEX.GD.ZS,,,,,,,,,,,,,,,,,,,,,,,,,,,,,,,,,,,,,,,,,2.90186429,3.1490531,3.32484865,3.53252935,3.33048439,2.93238807,3.1433847,3.1629262,2.78979158,3.83574653,2.47556901,2.55771565,2.42097569,2.84087205,2.53282261,2.65743947,3.1076982,2.78068876,2.74500418,2.76836324,3.42724609,3.631433753808329,3.83574653,
United Kingdom,GBR,Current health expenditure (% of GDP),SH.XPD.CHEX.GD.ZS,,,,,,,,,,,,,,,,,,,,,,,,,,,,,,,,,,,,,,,,,7.19114876,7.39209652,7.70158529,8.07401752,8.32724667,8.3883543,8.62720299,8.60300064,9.02258778,10.03383827,9.95166206,9.91592121,9.93235588,9.84154701,9.82684326,9.75462151,9.69526958,9.58797741,9.65815544,9.87480068,11.97759342,11.93908691,11.97759342,
Georgia,GEO,Current health expenditure (% of GDP),SH.XPD.CHEX.GD.ZS,,,,,,,,,,,,,,,,,,,,,,,,,,,,,,,,,,,,,,,,,7.194592,7.16950893,7.81474257,8.02952862,8.08910847,8.07734203,7.63208008,7.43517828,8.44467068,9.56681633,9.07341194,8.0144434,8.04715919,7.88304853,7.9038682,7.42301464,7.99670744,7.05804443,7.11329699,6.65744209,7.6048708,7.6747734588656895,7.745318650897952,
Ghana,GHA,Current health expenditure (% of GDP),SH.XPD.CHEX.GD.ZS,,,,,,,,,,,,,,,,,,,,,,,,,,,,,,,,,,,,,,,,,2.790447,3.17077661,2.88721824,2.82690215,2.76365352,3.63137388,3.67091465,3.80260491,3.87511325,4.37879181,4.22405624,4.69264126,4.00803423,4.59225416,4.01644135,4.5429678,3.39035821,3.2806716,3.40025568,3.39142489,3.99029994,3.9299455841200834,3.87050410404611,
Gibraltar,GIB,Current health expenditure (% of GDP),SH.XPD.CHEX.GD.ZS,,,,,,,,,,,,,,,,,,,,,,,,,,,,,,,,,,,,,,,,,,,,,,,,,,,,,,,,,,,,,,,,
Guinea,GIN,Current health expenditure (% of GDP),SH.XPD.CHEX.GD.ZS,,,,,,,,,,,,,,,,,,,,,,,,,,,,,,,,,,,,,,,,,4.74825478,4.89139318,5.36402321,4.78055525,4.78467607,4.04512262,3.61521959,3.46627593,3.26562262,3.58147597,3.42782617,3.78955102,3.50398517,3.46108699,4.787992,5.80919266,5.39694929,3.91512918,3.73843002,4.06729603,4.0445075,3.795126026417331,3.561121238220031,
"Gambia, The",GMB,Current health expenditure (% of GDP),SH.XPD.CHEX.GD.ZS,,,,,,,,,,,,,,,,,,,,,,,,,,,,,,,,,,,,,,,,,6.65441465,5.63960838,6.27723551,5.32621098,5.42000151,5.38602448,5.43720865,4.95501947,4.65938807,4.46430683,4.11944056,4.36967373,4.26872253,3.91374874,3.05234575,3.1761291,3.19523716,3.35449266,3.34384227,3.158566,2.6129365,2.521237353849213,2.432756323946098,
Guinea-Bissau,GNB,Current health expenditure (% of GDP),SH.XPD.CHEX.GD.ZS,,,,,,,,,,,,,,,,,,,,,,,,,,,,,,,,,,,,,,,,,6.74484873,6.70832205,5.82295084,5.88066673,7.47920179,7.25093508,7.28979349,7.2952776,7.04291964,6.94844532,6.26116657,6.21634817,5.94134808,7.03943443,9.96897411,8.13228226,8.32881451,7.00049543,7.62401152,8.35054398,8.40978622,8.504210109263243,8.59969417658932,
Equatorial Guinea,GNQ,Current health expenditure (% of GDP),SH.XPD.CHEX.GD.ZS,,,,,,,,,,,,,,,,,,,,,,,,,,,,,,,,,,,,,,,,,2.14653158,2.20352387,2.34721494,1.97841108,1.66347969,1.4999398,1.51855493,1.57114804,1.82898855,1.84398329,1.81856561,1.55349767,1.26357567,1.87566757,2.19292331,2.91533303,3.14450502,2.95976019,3.10309863,3.0297935,3.7683413,3.7683413,3.7683413,
Greece,GRC,Current health expenditure (% of GDP),SH.XPD.CHEX.GD.ZS,,,,,,,,,,,,,,,,,,,,,,,,,,,,,,,,,,,,,,,,,7.24332571,7.9878397,8.23377991,8.44915581,8.0939045,8.56466961,8.25866985,8.39808273,8.82774162,9.40688515,9.59662342,9.19330311,8.92415524,8.43796444,7.8914113,8.22004509,8.44874573,8.13515854,8.12024307,8.20262337,9.50820732,9.59662342,9.59662342,
Grenada,GRD,Current health expenditure (% of GDP),SH.XPD.CHEX.GD.ZS,,,,,,,,,,,,,,,,,,,,,,,,,,,,,,,,,,,,,,,,,5.35886383,5.62456989,6.17569733,5.28485727,5.36568451,5.14460278,5.11352158,5.23867893,5.386199,5.43471003,5.4188118,5.80423355,5.82235765,5.62652922,4.77353573,4.64675617,4.43910027,4.65701056,4.58373737,4.93189621,5.82064009,6.105647783907372,6.17569733,
Greenland,GRL,Current health expenditure (% of GDP),SH.XPD.CHEX.GD.ZS,,,,,,,,,,,,,,,,,,,,,,,,,,,,,,,,,,,,,,,,,,,,,,,,,,,,,,,,,,,,,,,,
Guatemala,GTM,Current health expenditure (% of GDP),SH.XPD.CHEX.GD.ZS,,,,,,,,,,,,,,,,,,,,,,,,,,,,,,,,,,,,,,,,,5.39686108,6.07023716,6.01301289,6.15306854,6.26182795,6.14826393,6.36362219,6.1918335,6.08129978,6.33938646,6.1247797,5.96306896,6.07316971,5.77188921,5.8885684,6.00602007,6.07008219,6.13563824,6.11658907,6.18663979,6.46871376,6.46871376,6.46871376,
Guam,GUM,Current health expenditure (% of GDP),SH.XPD.CHEX.GD.ZS,,,,,,,,,,,,,,,,,,,,,,,,,,,,,,,,,,,,,,,,,,,,,,,,,,,,,,,,,,,,,,,,
Guyana,GUY,Current health expenditure (% of GDP),SH.XPD.CHEX.GD.ZS,,,,,,,,,,,,,,,,,,,,,,,,,,,,,,,,,,,,,,,,,3.18737936,3.05506778,3.19353795,3.26884198,3.43770432,3.79409742,3.93144464,4.28126192,4.20242214,4.35117149,4.21897697,4.17213488,3.7081871,3.80231309,3.94755435,4.02264786,4.01842117,4.3191123,4.90492535,4.93049145,5.50864172,5.50864172,5.50864172,
High income,HIC,Current health expenditure (% of GDP),SH.XPD.CHEX.GD.ZS,,,,,,,,,,,,,,,,,,,,,,,,,,,,,,,,,,,,,,,,,9.41311562321511,9.89206376603323,10.3196549311437,10.5006590600431,10.4422428455429,10.4840925058592,10.5429182328381,10.5077410678699,10.674046815562,11.6407523681253,11.5373003248483,11.5453557287165,11.6687281732594,11.6804009170725,11.8567911770355,12.2487862432068,12.4144287722547,12.3653385210799,12.2824435908881,12.5624694595304,14.0157874665662,14.0157874665662,14.0157874665662,
"Hong Kong SAR, China",HKG,Current health expenditure (% of GDP),SH.XPD.CHEX.GD.ZS,,,,,,,,,,,,,,,,,,,,,,,,,,,,,,,,,,,,,,,,,,,,,,,,,,,,,,,,,,,,,,,,
Honduras,HND,Current health expenditure (% of GDP),SH.XPD.CHEX.GD.ZS,,,,,,,,,,,,,,,,,,,,,,,,,,,,,,,,,,,,,,,,,6.26817989,5.92998314,6.2445755,6.89004707,6.85484362,7.50086403,7.86318684,8.08494949,8.60362625,8.99592495,8.72536373,8.79187012,8.65655136,8.47723007,7.91455746,7.4837904,7.709445,7.00668859,7.22820663,7.30497599,9.03509808,9.10415936,9.10415936,
Croatia,HRV,Current health expenditure (% of GDP),SH.XPD.CHEX.GD.ZS,,,,,,,,,,,,,,,,,,,,,,,,,,,,,,,,,,,,,,,,,7.64173985,7.16696358,6.1453743,6.302598,6.51233673,6.84697294,6.91900873,7.41713762,7.67231941,8.11311531,8.0207386,7.69077826,7.70057678,6.44103718,6.62079239,6.70067848,6.73855692,6.67034649,6.75780032,6.81108999,7.76502275,8.008196586432177,8.11311531,
Haiti,HTI,Current health expenditure (% of GDP),SH.XPD.CHEX.GD.ZS,,,,,,,,,,,,,,,,,,,,,,,,,,,,,,,,,,,,,,,,,3.99165702,3.7502923,3.43250132,3.53695321,3.42928433,3.30554652,3.48013902,3.64734101,3.75722051,3.50277376,4.54871035,5.91197777,5.56462336,4.10524035,4.52035809,5.07518148,4.80760574,3.81993892,4.31650324,3.91107914,3.22171094,2.9650355474513557,2.728809617429601,
Hungary,HUN,Current health expenditure (% of GDP),SH.XPD.CHEX.GD.ZS,,,,,,,,,,,,,,,,,,,,,,,,,,,,,,,,,,,,,,,,,6.77804327,6.82614756,7.1210165,8.11923504,7.7565484,7.98271132,7.77566671,7.2018342,7.08621168,7.21973991,7.44544077,7.4782691,7.40815496,7.23183966,7.04440498,6.85204268,6.98634624,6.73819399,6.5753026,6.29731894,7.25031424,7.350315113277199,7.451695261207217,
Indonesia,IDN,Current health expenditure (% of GDP),SH.XPD.CHEX.GD.ZS,,,,,,,,,,,,,,,,,,,,,,,,,,,,,,,,,,,,,,,,,1.85297656,2.11850214,1.98062706,2.24837184,2.12002277,2.53189397,2.61946416,2.82385564,2.54842305,2.62324095,2.7908783,2.98942471,2.91427088,2.86934805,2.96433568,2.92428517,3.02147198,2.90417194,2.86757827,2.90491366,3.41433048,3.41433048,3.41433048,
Isle of Man,IMN,Current health expenditure (% of GDP),SH.XPD.CHEX.GD.ZS,,,,,,,,,,,,,,,,,,,,,,,,,,,,,,,,,,,,,,,,,,,,,,,,,,,,,,,,,,,,,,,,
India,IND,Current health expenditure (% of GDP),SH.XPD.CHEX.GD.ZS,,,,,,,,,,,,,,,,,,,,,,,,,,,,,,,,,,,,,,,,,4.03493309,4.26278067,4.24016762,4.00848055,3.95739174,3.79116249,3.63477802,3.51754212,3.51468062,3.48537874,3.27211928,3.24634218,3.32935286,3.74944186,3.61956549,3.59565997,3.50430417,2.93597651,2.8584938,2.94352531,2.95919013,2.8533048872734255,2.7512084124646683,
Ireland,IRL,Current health expenditure (% of GDP),SH.XPD.CHEX.GD.ZS,,,,,,,,,,,,,,,,,,,,,,,,,,,,,,,,,,,,,,,,,5.89902735,6.39249372,6.67263031,7.00761414,7.21972942,7.64242792,7.51646948,7.80773735,9.12564754,10.52275753,10.5258255,10.6313448,10.62784767,10.30873108,9.54538631,7.31753302,7.44555712,7.14633131,6.88002014,6.6733737,7.10143661,6.7280345,6.598955840174759,
"Iran, Islamic Rep.",IRN,Current health expenditure (% of GDP),SH.XPD.CHEX.GD.ZS,,,,,,,,,,,,,,,,,,,,,,,,,,,,,,,,,,,,,,,,,4.72250843,5.15979576,4.65182209,4.95589161,5.12801409,5.29996157,5.15990877,4.91188192,5.03990459,6.11493444,6.29153061,6.09787989,6.12235117,5.54722023,6.35239553,7.25335979,7.82282066,7.7543416,7.52609015,5.94786263,5.33579969,5.045228408137297,4.770480746865443,
Iraq,IRQ,Current health expenditure (% of GDP),SH.XPD.CHEX.GD.ZS,,,,,,,,,,,,,,,,,,,,,,,,,,,,,,,,,,,,,,,,,,,,2.99196053,3.84302664,2.89739943,2.42247891,3.10637712,3.03573871,3.76825905,3.23055625,2.79131818,2.69039416,2.81939769,2.79654908,3.14434433,3.28159881,4.19215298,4.05837107,4.25629616,5.08489752,5.08489752,5.08489752,
Iceland,ISL,Current health expenditure (% of GDP),SH.XPD.CHEX.GD.ZS,,,,,,,,,,,,,,,,,,,,,,,,,,,,,,,,,,,,,,,,,8.89924335,8.75266171,9.40382481,9.72930241,9.32854366,8.94694996,8.55709076,8.3535862,8.34370804,8.77518463,8.36173058,8.20293236,8.18118858,8.17555237,8.22888947,8.06978989,8.09714794,8.26131916,8.37734032,8.5256052,9.55796337,9.65296936,9.72930241,
Israel,ISR,Current health expenditure (% of GDP),SH.XPD.CHEX.GD.ZS,,,,,,,,,,,,,,,,,,,,,,,,,,,,,,,,,,,,,,,,,6.79617071,7.22309399,7.14622402,7.08494616,7.02140188,7.11747074,6.90668821,6.87812519,6.94865084,7.04995871,6.99706697,6.9564743,7.08083487,7.04248762,7.12200594,7.10024405,7.16409779,7.23601007,7.28700161,7.47252941,8.31950188,8.31950188,8.31950188,
Italy,ITA,Current health expenditure (% of GDP),SH.XPD.CHEX.GD.ZS,,,,,,,,,,,,,,,,,,,,,,,,,,,,,,,,,,,,,,,,,7.56665516,7.73760843,7.86693573,7.83297729,8.16549301,8.33931828,8.43673038,8.13610077,8.53282356,8.95162296,8.91602039,8.77413177,8.78352833,8.77543831,8.86791801,8.85689163,8.72533035,8.67773914,8.68187714,8.6563549,9.63378334,9.45429516,9.617601462228587,
Jamaica,JAM,Current health expenditure (% of GDP),SH.XPD.CHEX.GD.ZS,,,,,,,,,,,,,,,,,,,,,,,,,,,,,,,,,,,,,,,,,5.64462519,5.15652943,4.74544334,4.22014141,4.80435276,4.54581785,4.20788145,5.32057667,5.61143064,5.14654493,5.2951932,5.23845339,4.88512897,4.95443439,5.16564465,5.62470436,5.70102215,6.14859295,5.96798849,6.09761,6.61175442,6.61175442,6.61175442,
Jordan,JOR,Current health expenditure (% of GDP),SH.XPD.CHEX.GD.ZS,,,,,,,,,,,,,,,,,,,,,,,,,,,,,,,,,,,,,,,,,9.34367943,9.58549213,9.36340237,8.84089088,8.74985027,8.59408951,7.81179047,8.04956055,8.48880577,9.22396946,8.17025661,8.14807701,7.81799555,7.16592407,7.20892906,7.4609561,7.15642214,7.98199654,7.84809589,7.56996918,7.4691391,7.4825992160850445,7.496083588610169,
Japan,JPN,Current health expenditure (% of GDP),SH.XPD.CHEX.GD.ZS,,,,,,,,,,,,,,,,,,,,,,,,,,,,,,,,,,,,,,,,,7.03456163,7.23947906,7.35235405,7.48654842,7.53518438,7.65818596,7.68688869,7.77935696,8.08909321,8.9587822,9.0630064,10.48780155,10.67169094,10.67438698,10.7290144,10.74969959,10.65891552,10.65627098,10.74637508,10.75110722,10.9042511,10.9042511,10.9042511,
Kazakhstan,KAZ,Current health expenditure (% of GDP),SH.XPD.CHEX.GD.ZS,,,,,,,,,,,,,,,,,,,,,,,,,,,,,,,,,,,,,,,,,4.16031408,3.47096992,3.61480069,3.72334647,3.98308039,3.90172577,3.39824915,2.70314932,3.04952621,3.49913716,2.73641348,2.60236716,3.03725958,2.66286707,2.97468472,3.04051137,3.42235589,3.05244446,2.8178606,2.78745699,3.78894091,4.008048069245313,4.16031408,
Kenya,KEN,Current health expenditure (% of GDP),SH.XPD.CHEX.GD.ZS,,,,,,,,,,,,,,,,,,,,,,,,,,,,,,,,,,,,,,,,,2.49379516,2.6706605,2.62076211,2.84449434,3.11812639,3.12553811,3.63250399,3.80025053,4.50025654,5.26973343,5.38849831,5.20212841,5.0180583,4.93100405,4.91267347,4.76439571,4.75429106,3.98597503,4.09903383,4.36111116,4.29190731,4.216976187988985,4.143353265955344,
Kyrgyz Republic,KGZ,Current health expenditure (% of GDP),SH.XPD.CHEX.GD.ZS,,,,,,,,,,,,,,,,,,,,,,,,,,,,,,,,,,,,,,,,,4.41414976,4.27703238,4.59219551,5.82382107,6.20281315,7.45010662,8.3118391,6.93210649,6.52511883,6.89873457,6.95027161,7.1072917,8.50966358,8.18745136,7.35766459,7.14930916,6.41248226,6.18586349,5.01030922,4.49454117,5.25933695,4.984565957132597,4.72415021460171,
Cambodia,KHM,Current health expenditure (% of GDP),SH.XPD.CHEX.GD.ZS,,,,,,,,,,,,,,,,,,,,,,,,,,,,,,,,,,,,,,,,,6.53804731,7.00522089,7.22556973,6.93705606,7.07894278,6.84559298,6.11889315,4.90875959,6.60109425,7.58330584,6.91169977,7.50353098,7.26115417,7.10386753,6.70157766,6.19431591,6.11648464,5.72271872,6.14389992,6.89604807,7.50527,7.58330584,7.58330584,
Kiribati,KIR,Current health expenditure (% of GDP),SH.XPD.CHEX.GD.ZS,,,,,,,,,,,,,,,,,,,,,,,,,,,,,,,,,,,,,,,,,8.64500046,12.3293438,11.9012785,10.66935253,12.42028809,11.50768661,11.57650661,11.35285187,14.07539082,13.43940926,9.26172829,8.63310242,8.64540958,9.50958157,10.03857899,8.02337551,8.41267395,10.59990215,11.92076588,11.38678551,11.64184189,12.598169602693588,13.633055562673743,
St. Kitts and Nevis,KNA,Current health expenditure (% of GDP),SH.XPD.CHEX.GD.ZS,,,,,,,,,,,,,,,,,,,,,,,,,,,,,,,,,,,,,,,,,4.79933786,4.39693737,4.45210552,4.75159693,4.49067402,4.72803831,4.98203421,4.79733467,5.30566025,5.28673744,5.2136941,5.1628871,5.00998354,5.04429483,4.74668789,5.11798382,5.42126036,5.26021719,4.88528252,4.93305063,5.36557055,5.42126036,5.42126036,
"Korea, Rep.",KOR,Current health expenditure (% of GDP),SH.XPD.CHEX.GD.ZS,,,,,,,,,,,,,,,,,,,,,,,,,,,,,,,,,,,,,,,,,3.89759398,4.42762327,4.16491032,4.4238739,4.38896465,4.61782169,4.94396782,5.11490774,5.39896774,5.78228998,5.91734409,6.00844383,6.13262033,6.24789429,6.47438097,6.65271664,6.91432714,7.10694885,7.5438838,8.14101028,8.36409569,8.36409569,8.36409569,
Kuwait,KWT,Current health expenditure (% of GDP),SH.XPD.CHEX.GD.ZS,,,,,,,,,,,,,,,,,,,,,,,,,,,,,,,,,,,,,,,,,2.20343971,3.18838811,3.12468719,2.76216865,2.35702467,2.01313829,1.8213098,1.92673647,1.92400301,2.70638776,2.67879915,2.33303547,2.33311439,2.48789287,2.9159987,4.21497965,4.73096323,4.65326786,5.18862629,5.35958719,6.30743313,6.30743313,6.30743313,
Lao PDR,LAO,Current health expenditure (% of GDP),SH.XPD.CHEX.GD.ZS,,,,,,,,,,,,,,,,,,,,,,,,,,,,,,,,,,,,,,,,,4.27513599,4.29031658,3.69751263,4.47920704,3.54057336,3.33673191,2.93200922,3.15345573,2.76727295,3.46300411,2.91155219,1.94457507,2.07637572,2.39984965,2.29845548,2.45366454,2.36087489,2.52606821,2.24630332,2.60029101,2.6947608,2.7569130785087017,2.820498844443754,
Lebanon,LBN,Current health expenditure (% of GDP),SH.XPD.CHEX.GD.ZS,,,,,,,,,,,,,,,,,,,,,,,,,,,,,,,,,,,,,,,,,10.82951355,10.56254768,9.28233719,8.67109871,7.99923086,7.54867649,8.66057873,8.55984211,7.81751728,7.0073576,7.43864489,8.17744446,7.00114107,7.06355858,7.51688814,7.39572525,7.8866291,7.76047421,8.02195835,7.89909458,7.95365763,8.074022844695904,8.196209584227645,
Liberia,LBR,Current health expenditure (% of GDP),SH.XPD.CHEX.GD.ZS,,,,,,,,,,,,,,,,,,,,,,,,,,,,,,,,,,,,,,,,,4.29716492,3.51406956,2.90361023,3.65521455,9.15019226,9.71549797,8.49828529,10.81490326,9.0185957,9.42837238,8.978302,9.43191624,8.77101326,8.29568386,9.20383739,10.61632824,9.85810757,9.95379543,9.84876537,8.4314146,9.49941349,9.329358798026332,9.16234835697328,
Libya,LBY,Current health expenditure (% of GDP),SH.XPD.CHEX.GD.ZS,,,,,,,,,,,,,,,,,,,,,,,,,,,,,,,,,,,,,,,,,3.42542052,4.05162811,4.89009905,4.10041189,3.49171281,2.59774685,2.51467609,2.43791366,2.63571715,4.28816032,3.58541107,6.05012751,6.05012751,6.05012751,6.05012751,6.05012751,6.05012751,6.05012751,6.05012751,6.05012751,6.05012751,6.05012751,6.05012751,
St. Lucia,LCA,Current health expenditure (% of GDP),SH.XPD.CHEX.GD.ZS,,,,,,,,,,,,,,,,,,,,,,,,,,,,,,,,,,,,,,,,,4.86163425,5.11714458,5.38443518,5.23676491,4.76429749,4.8572278,5.12402296,5.52015686,5.05127954,5.23717833,5.03797817,5.13907623,5.0001564,5.14058971,4.75331974,4.57613707,4.91194296,4.66334057,4.41884804,4.33346367,6.7380271,6.7380271,6.7380271,
Low income,LIC,Current health expenditure (% of GDP),SH.XPD.CHEX.GD.ZS,,,,,,,,,,,,,,,,,,,,,,,,,,,,,,,,,,,,,,,,,4.05525381246643,4.39742939766185,4.6286433329844,4.90022347546822,4.74657943598511,4.59198704465839,4.62377948248719,4.74499609090737,4.47307624938336,4.77295768132583,4.4666463144933,4.87344842492563,5.00649138920845,5.59026662694324,5.46740735226899,5.71045048033436,5.49476391864986,5.46565590294169,4.99585449735627,4.89664721539514,5.13258380951216,5.029215923559101,4.927929819461529,
Liechtenstein,LIE,Current health expenditure (% of GDP),SH.XPD.CHEX.GD.ZS,,,,,,,,,,,,,,,,,,,,,,,,,,,,,,,,,,,,,,,,,,,,,,,,,,,,,,,,,,,,,,,,
Sri Lanka,LKA,Current health expenditure (% of GDP),SH.XPD.CHEX.GD.ZS,,,,,,,,,,,,,,,,,,,,,,,,,,,,,,,,,,,,,,,,,4.24654055,4.19324636,4.17312098,3.76927352,4.17515469,4.00972605,3.97986293,3.95131898,3.98465228,4.19339228,3.86745572,3.71693707,3.40384603,3.82699037,3.60648036,3.88992047,3.86424899,3.59565163,3.91227913,3.66153812,4.06584978,4.113242260005171,4.161187157655502,
Lower middle income,LMC,Current health expenditure (% of GDP),SH.XPD.CHEX.GD.ZS,,,,,,,,,,,,,,,,,,,,,,,,,,,,,,,,,,,,,,,,,4.02404809641134,4.25367630050183,4.12373597405822,4.21796499134504,4.17162905042969,4.16589042465988,4.12789986026657,4.01882992398315,4.04707289738099,4.24698118136105,4.13327647820731,4.14368808601878,4.24857104937988,4.32722563792667,4.25002722493183,4.33571871853577,4.34124159513097,4.0509561904824,3.86912363149407,3.80214400448657,3.90990509906312,3.832138215870365,3.7559180935243033,
Lesotho,LSO,Current health expenditure (% of GDP),SH.XPD.CHEX.GD.ZS,,,,,,,,,,,,,,,,,,,,,,,,,,,,,,,,,,,,,,,,,5.6117692,7.27745867,6.7452426,6.04550791,6.05738831,5.44926691,6.11966372,7.28075647,7.70154142,8.99738979,8.35764122,9.50321198,9.22287178,9.50640392,9.12336254,8.95958614,8.69295883,10.2024622,11.02123833,11.40502262,11.78428555,11.78428555,11.78428555,
Lithuania,LTU,Current health expenditure (% of GDP),SH.XPD.CHEX.GD.ZS,,,,,,,,,,,,,,,,,,,,,,,,,,,,,,,,,,,,,,,,,6.19950438,6.01339626,6.14446115,6.18627787,5.51149988,5.64800453,5.84418154,5.7643218,6.29453707,7.36587334,6.81462288,6.48781538,6.2759347,6.12593651,6.19332647,6.49043989,6.63746262,6.47513723,6.53044701,6.99864721,7.53844357,7.85175848,7.85175848,
Luxembourg,LUX,Current health expenditure (% of GDP),SH.XPD.CHEX.GD.ZS,,,,,,,,,,,,,,,,,,,,,,,,,,,,,,,,,,,,,,,,,5.92533875,6.38193941,6.76099968,6.96221447,7.2793355,7.12328196,6.6364212,6.15803099,6.23101091,6.94993162,6.66263008,5.95225334,5.29404306,5.23557377,5.23040915,5.08113575,5.07103872,5.13535357,5.25880098,5.44119692,5.76745605,5.35417652,5.418115243125419,
Latvia,LVA,Current health expenditure (% of GDP),SH.XPD.CHEX.GD.ZS,,,,,,,,,,,,,,,,,,,,,,,,,,,,,,,,,,,,,,,,,5.43338442,5.77004433,5.76281166,5.4793458,6.20221329,5.83247328,5.70438385,5.51350451,5.58478308,6.09759474,6.097435,5.72401047,5.41047668,5.40874767,5.46339607,5.65211773,6.1332593,5.96542788,6.18867874,6.62088203,7.44663048,7.44663048,7.44663048,
"Macao SAR, China",MAC,Current health expenditure (% of GDP),SH.XPD.CHEX.GD.ZS,,,,,,,,,,,,,,,,,,,,,,,,,,,,,,,,,,,,,,,,,,,,,,,,,,,,,,,,,,,,,,,,
St. Martin (French part),MAF,Current health expenditure (% of GDP),SH.XPD.CHEX.GD.ZS,,,,,,,,,,,,,,,,,,,,,,,,,,,,,,,,,,,,,,,,,,,,,,,,,,,,,,,,,,,,,,,,
Morocco,MAR,Current health expenditure (% of GDP),SH.XPD.CHEX.GD.ZS,,,,,,,,,,,,,,,,,,,,,,,,,,,,,,,,,,,,,,,,,3.99666667,4.12973785,4.39506149,4.41583776,4.58004332,4.73306799,4.94123983,5.20283985,5.2356267,5.70664072,5.86408854,5.81169367,5.83982801,5.68746853,5.86155415,5.57022429,5.49920416,5.39212465,5.33229017,5.36818361,5.99316072,5.99316072,5.99316072,
Monaco,MCO,Current health expenditure (% of GDP),SH.XPD.CHEX.GD.ZS,,,,,,,,,,,,,,,,,,,,,,,,,,,,,,,,,,,,,,,,,1.73622334,1.76396823,1.79035473,2.08464146,2.1265049,2.11639643,2.01949477,1.78815079,1.92418182,2.27634382,2.33074474,2.17874694,2.23475266,2.14983058,2.08692694,2.02846789,1.62753141,1.64274836,1.59626138,1.53244889,1.67133093,1.6158587497534156,1.5622277146242192,
Moldova,MDA,Current health expenditure (% of GDP),SH.XPD.CHEX.GD.ZS,,,,,,,,,,,,,,,,,,,,,,,,,,,,,,,,,,,,,,,,,5.92687273,6.23449755,7.40437651,7.02227592,8.97114944,9.55814838,10.54445267,11.02066803,10.94920063,13.6766243,10.13112831,9.09670353,9.13962078,8.68300343,8.63275623,8.55763531,7.53552246,7.01328468,6.58753395,6.36946964,6.77933121,6.483476825887749,6.200533717812481,
Madagascar,MDG,Current health expenditure (% of GDP),SH.XPD.CHEX.GD.ZS,,,,,,,,,,,,,,,,,,,,,,,,,,,,,,,,,,,,,,,,,4.46962976,4.75725794,4.97110653,4.74734545,5.25490141,5.20261955,5.07627726,4.49428797,4.10616779,4.41676235,4.65100384,4.43843174,3.82249689,3.73896885,4.42833662,4.97224426,5.25697422,4.84431553,4.27076626,3.77732444,3.87958431,3.70259982502254,3.533689274111159,
Maldives,MDV,Current health expenditure (% of GDP),SH.XPD.CHEX.GD.ZS,,,,,,,,,,,,,,,,,,,,,,,,,,,,,,,,,,,,,,,,,7.73655844,8.21364975,8.78440189,6.77857542,7.48356962,8.82753372,8.04819012,8.30568123,11.47104168,10.0928812,8.48758984,7.92251587,8.67304802,8.15509319,7.91345072,8.72545815,10.30544567,9.26917839,7.43627834,7.66067553,11.34723186,11.47104168,11.47104168,
Mexico,MEX,Current health expenditure (% of GDP),SH.XPD.CHEX.GD.ZS,,,,,,,,,,,,,,,,,,,,,,,,,,,,,,,,,,,,,,,,,4.44912481,4.8203578,5.0716424,5.81486416,5.9539032,5.83612156,5.65525484,5.76644516,5.69886971,6.12978458,5.73688889,5.51883602,5.66522121,5.80923605,5.55340958,5.72277403,5.55345869,5.45759058,5.38345814,5.44627905,6.2421484,6.2421484,6.2421484,
Marshall Islands,MHL,Current health expenditure (% of GDP),SH.XPD.CHEX.GD.ZS,,,,,,,,,,,,,,,,,,,,,,,,,,,,,,,,,,,,,,,,,17.4808979,14.81642723,12.84072018,12.76533508,15.61940098,20.21598053,20.33398056,16.26939583,15.20470905,14.53969955,13.93147564,13.08627224,13.03814125,13.46883583,13.20781231,15.33984375,15.73866177,14.38502884,15.26284122,14.82552052,13.00799465,12.61715009301224,12.238049042370939,
North Macedonia,MKD,Current health expenditure (% of GDP),SH.XPD.CHEX.GD.ZS,,,,,,,,,,,,,,,,,,,,,,,,,,,,,,,,,,,,,,,,,8.86991501,8.3815918,8.97826958,9.00857735,8.46505451,7.67907524,7.38314581,6.57065344,6.55317593,6.52846384,6.71369696,6.51887369,6.61468363,6.71928358,6.28993368,6.34227896,6.37943363,6.43909454,6.45699358,7.06654119,7.8894825,8.250579762881868,8.628204248336418,
Mali,MLI,Current health expenditure (% of GDP),SH.XPD.CHEX.GD.ZS,,,,,,,,,,,,,,,,,,,,,,,,,,,,,,,,,,,,,,,,,5.46633244,4.51952457,4.99775171,5.05061436,5.21769333,5.19518089,5.45590782,5.25304699,5.0437417,5.22659969,4.67866755,4.014853,3.752177,3.96408701,4.48158312,4.11143351,3.77377558,3.67425752,3.73249912,3.88156676,4.3081193,4.357389827644951,4.407223845928243,
Malta,MLT,Current health expenditure (% of GDP),SH.XPD.CHEX.GD.ZS,,,,,,,,,,,,,,,,,,,,,,,,,,,,,,,,,,,,,,,,,6.57308626,6.99985981,7.70661688,7.89556122,8.04820728,8.66396618,8.80992031,8.16883373,7.86335802,7.92382908,7.95211124,8.4481411,8.37802982,8.49665833,9.08505249,8.89759636,8.96600914,8.72770977,8.56596088,9.23917389,10.83521566,10.83521566,10.83521566,
Myanmar,MMR,Current health expenditure (% of GDP),SH.XPD.CHEX.GD.ZS,,,,,,,,,,,,,,,,,,,,,,,,,,,,,,,,,,,,,,,,,1.99549711,2.14881992,2.57854366,2.38126588,2.31822181,2.33031869,2.25168681,2.02357221,2.10873103,2.15950108,1.95585966,1.92666924,2.41021132,3.20071578,4.39346027,5.47780561,5.11349964,5.08065701,4.89992189,4.67856407,4.62411975,4.471232950537056,4.323401031724645,
Montenegro,MNE,Current health expenditure (% of GDP),SH.XPD.CHEX.GD.ZS,,,,,,,,,,,,,,,,,,,,,,,,,,,,,,,,,,,,,,,,,,,,,,,,,,,,7.96692181,8.29550457,8.47144604,8.00086784,9.02188778,8.63302994,7.98255396,8.34355545,8.32983208,11.42177582,11.42177582,11.42177582,
Mongolia,MNG,Current health expenditure (% of GDP),SH.XPD.CHEX.GD.ZS,,,,,,,,,,,,,,,,,,,,,,,,,,,,,,,,,,,,,,,,,5.69538355,5.05435562,5.18856382,4.10218763,4.15718555,3.7552557,3.74971509,4.07522774,4.55693007,4.45980072,3.73945689,3.58612084,3.85800076,4.08932018,4.20989752,4.23154545,4.26370525,3.94357896,3.79951382,4.16080856,4.94451141,5.121950103340534,5.30575636008293,
Northern Mariana Islands,MNP,Current health expenditure (% of GDP),SH.XPD.CHEX.GD.ZS,,,,,,,,,,,,,,,,,,,,,,,,,,,,,,,,,,,,,,,,,,,,,,,,,,,,,,,,,,,,,,,,
Mozambique,MOZ,Current health expenditure (% of GDP),SH.XPD.CHEX.GD.ZS,,,,,,,,,,,,,,,,,,,,,,,,,,,,,,,,,,,,,,,,,2.21938276,2.90733671,3.31128621,3.39533854,3.67226458,4.37538815,4.08873844,3.93067098,4.2388401,5.2039299,5.43892908,5.00311899,5.24640608,6.12556028,6.33231783,6.71663332,7.28134489,7.83680201,8.0889616,7.95271826,7.61939621,7.823263506111022,8.032585548671518,
Mauritania,MRT,Current health expenditure (% of GDP),SH.XPD.CHEX.GD.ZS,,,,,,,,,,,,,,,,,,,,,,,,,,,,,,,,,,,,,,,,,3.37824655,3.5718379,4.00224972,4.03254652,3.70429492,3.40312648,2.70252752,2.87644005,3.01338983,3.11034036,2.63618922,2.47383666,2.64919329,2.86799884,3.46724391,3.67363763,3.09630585,3.31549454,3.43577695,3.34527016,3.35572982,3.3065335913291873,3.25805859739575,
Mauritius,MUS,Current health expenditure (% of GDP),SH.XPD.CHEX.GD.ZS,,,,,,,,,,,,,,,,,,,,,,,,,,,,,,,,,,,,,,,,,2.89581966,2.96084642,3.23190331,3.22486687,3.36119127,3.56529307,3.65428853,3.57065129,3.99199653,4.2265029,4.57982159,4.3078289,4.27675056,4.68303633,5.49399614,5.69995832,5.70678568,5.80985212,5.86705875,6.200562,6.65996122,6.65996122,6.65996122,
Malawi,MWI,Current health expenditure (% of GDP),SH.XPD.CHEX.GD.ZS,,,,,,,,,,,,,,,,,,,,,,,,,,,,,,,,,,,,,,,,,1.95751047,1.69395339,2.68173218,3.32019806,4.07199907,4.30046511,4.91223288,5.44258356,6.10668802,5.87333822,5.14304781,5.32226658,6.02199793,8.22379494,6.89776182,6.62879086,7.72703791,7.58438921,6.87366676,5.13698387,5.43400049,5.280403693001567,5.131148444387531,
Malaysia,MYS,Current health expenditure (% of GDP),SH.XPD.CHEX.GD.ZS,,,,,,,,,,,,,,,,,,,,,,,,,,,,,,,,,,,,,,,,,2.51463366,2.6753974,2.66876554,2.92417073,2.86016941,2.78692698,3.10897732,3.07041144,3.00692558,3.2610569,3.16474271,3.31451917,3.45786357,3.51276922,3.71036959,3.82201481,3.70085335,3.71472311,3.75944281,3.83884454,4.12441826,4.12441826,4.12441826,
Namibia,NAM,Current health expenditure (% of GDP),SH.XPD.CHEX.GD.ZS,,,,,,,,,,,,,,,,,,,,,,,,,,,,,,,,,,,,,,,,,9.63792515,9.53211975,9.73386574,9.87848473,10.18727589,10.19230461,10.13995457,10.71633053,9.91801167,9.04967022,9.72781372,9.83193302,9.26659298,9.06448746,8.4089098,9.98109627,9.3223238,8.72573948,8.31648731,8.45436001,8.8962574,8.704005446751372,8.515908140998434,
New Caledonia,NCL,Current health expenditure (% of GDP),SH.XPD.CHEX.GD.ZS,,,,,,,,,,,,,,,,,,,,,,,,,,,,,,,,,,,,,,,,,,,,,,,,,,,,,,,,,,,,,,,,
Niger,NER,Current health expenditure (% of GDP),SH.XPD.CHEX.GD.ZS,,,,,,,,,,,,,,,,,,,,,,,,,,,,,,,,,,,,,,,,,4.65891504,4.72659349,4.82717037,4.74740648,4.97818327,5.87749624,5.99335575,5.43105888,5.24640608,5.33850145,4.96100473,4.87323856,4.30732679,4.46636009,4.45377159,5.34745932,4.53239059,5.57411098,5.28844786,5.66862822,6.20069504,6.20069504,6.20069504,
Nigeria,NGA,Current health expenditure (% of GDP),SH.XPD.CHEX.GD.ZS,,,,,,,,,,,,,,,,,,,,,,,,,,,,,,,,,,,,,,,,,3.1973834,3.18946862,2.49063969,5.05360985,4.63368416,4.46591949,4.25775146,3.90997243,3.69581532,3.5801971,3.29653287,3.32077932,3.35984254,3.4206934,3.34840417,3.58194995,3.64773679,3.74762511,3.09069347,2.98547053,3.38063431,3.359521766871285,3.338541074583711,
Nicaragua,NIC,Current health expenditure (% of GDP),SH.XPD.CHEX.GD.ZS,,,,,,,,,,,,,,,,,,,,,,,,,,,,,,,,,,,,,,,,,5.23883677,5.48459768,5.73315859,6.08317614,6.05740356,6.22468948,6.35756445,6.95643044,7.16700697,7.68584394,7.71019173,7.44982004,7.48836899,7.63869238,7.97716141,7.96303272,8.04877567,8.32754421,8.4993515,8.55957031,8.62854576,8.62854576,8.62854576,
Netherlands,NLD,Current health expenditure (% of GDP),SH.XPD.CHEX.GD.ZS,,,,,,,,,,,,,,,,,,,,,,,,,,,,,,,,,,,,,,,,,7.7069602,8.05945873,8.64913177,9.05657101,9.1107645,9.09666824,9.08055115,9.05292606,9.27660465,9.9929266,10.15508747,10.23357868,10.53898716,10.58363628,10.56703758,10.32393837,10.2942524,10.1082983,10.01993561,10.14039612,11.1359272,11.21132469,11.21132469,
Norway,NOR,Current health expenditure (% of GDP),SH.XPD.CHEX.GD.ZS,,,,,,,,,,,,,,,,,,,,,,,,,,,,,,,,,,,,,,,,,7.71215487,8.02202415,9.00061893,9.21471977,8.82115746,8.32839584,7.91272163,8.05085373,7.96075296,9.07431412,8.90553188,8.78868103,8.77787971,8.92953396,9.34493446,10.13146877,10.59129524,10.31589031,10.02394581,10.5360651,11.41755009,10.08628464,10.013364009592113,
Nepal,NPL,Current health expenditure (% of GDP),SH.XPD.CHEX.GD.ZS,,,,,,,,,,,,,,,,,,,,,,,,,,,,,,,,,,,,,,,,,3.12598515,3.80386233,3.92991233,3.84753442,4.03734398,3.94221044,3.5361805,3.66484332,3.80911326,3.89315772,4.3516593,4.44234705,4.49078751,4.63012981,5.07549381,5.46615553,5.42378998,4.72174025,4.52845383,4.44525433,5.17351818,5.1397164883790545,5.106135643446317,
Nauru,NRU,Current health expenditure (% of GDP),SH.XPD.CHEX.GD.ZS,,,,,,,,,,,,,,,,,,,,,,,,,,,,,,,,,,,,,,,,,18.12374878,15.50226593,13.19443035,9.53113365,6.57316685,10.30554104,12.41761684,24.23068047,23.0041008,12.31575871,12.6964016,9.81177711,9.21772289,9.4396801,7.94534922,13.73628426,10.74993038,11.4886446,11.72690773,12.18192387,11.96898365,11.71373750548167,11.463934646391465,
New Zealand,NZL,Current health expenditure (% of GDP),SH.XPD.CHEX.GD.ZS,,,,,,,,,,,,,,,,,,,,,,,,,,,,,,,,,,,,,,,,,7.4700222,7.5789361,7.90045929,7.72169256,7.90090561,8.27334881,8.63841629,8.32904434,9.12382889,9.62076378,9.59277534,9.51987362,9.65163612,9.36019325,9.40168381,9.28344345,9.24379444,8.96694851,9.0351162,9.48335075,10.02858734,10.02858734,10.02858734,
Oman,OMN,Current health expenditure (% of GDP),SH.XPD.CHEX.GD.ZS,,,,,,,,,,,,,,,,,,,,,,,,,,,,,,,,,,,,,,,,,3.06354737,3.08315206,3.18044019,3.17294717,2.97564673,2.5871408,2.31092215,2.42576504,2.01222706,2.8300879,2.82071519,2.54776597,2.59780169,2.85995984,3.58716846,4.65752935,4.79076433,4.52847433,3.68675041,4.39142513,5.32572365,5.32572365,5.32572365,
Pakistan,PAK,Current health expenditure (% of GDP),SH.XPD.CHEX.GD.ZS,,,,,,,,,,,,,,,,,,,,,,,,,,,,,,,,,,,,,,,,,2.74935055,2.58692551,2.70006347,2.3364768,2.25784397,2.58859682,2.86177489,2.81689181,2.71266907,2.474589,2.39686546,2.14016924,2.20038641,2.40178362,2.45603824,2.45764362,2.57026353,2.78630086,2.82844954,2.84736937,2.95390352,2.95390352,2.95390352,
Panama,PAN,Current health expenditure (% of GDP),SH.XPD.CHEX.GD.ZS,,,,,,,,,,,,,,,,,,,,,,,,,,,,,,,,,,,,,,,,,7.23963356,7.17009974,7.31349277,6.95631361,7.34004402,6.43272924,6.7842741,7.62018394,7.05229712,7.24006367,7.4865942,7.08092785,6.74132681,6.75967455,7.16729832,7.18962574,7.35213518,7.42582321,7.87820292,8.32831192,9.66291618,9.66291618,9.66291618,
Peru,PER,Current health expenditure (% of GDP),SH.XPD.CHEX.GD.ZS,,,,,,,,,,,,,,,,,,,,,,,,,,,,,,,,,,,,,,,,,4.41482639,4.72161007,4.93902254,4.58695936,4.42970943,4.66595268,4.4095645,4.42612123,4.51516962,4.97465611,4.71905422,4.54211617,4.74102163,4.76056957,4.97922754,4.98142099,4.99025059,4.91623974,5.19228029,5.21140051,6.30416107,6.30416107,6.30416107,
Philippines,PHL,Current health expenditure (% of GDP),SH.XPD.CHEX.GD.ZS,,,,,,,,,,,,,,,,,,,,,,,,,,,,,,,,,,,,,,,,,3.05512357,2.84775972,2.63767385,3.07663488,3.0468533,3.74253035,3.77762938,3.75318074,3.86315918,4.16451931,4.13107872,4.02518559,4.17709208,4.27408695,3.70313668,3.8982749,3.95484328,3.96042776,3.9538188,4.16646004,5.11274004,5.6067462,5.6067462,
Palau,PLW,Current health expenditure (% of GDP),SH.XPD.CHEX.GD.ZS,,,,,,,,,,,,,,,,,,,,,,,,,,,,,,,,,,,,,,,,,8.69525814,7.99779701,8.06898689,9.08002663,10.03987122,9.44485378,9.66567612,9.95896339,9.64360332,10.41931343,11.67239475,10.81779194,11.63778973,12.17709541,12.27246571,11.07734013,12.0831728,12.17100716,11.21721172,15.71146011,18.39064217,18.39064217,18.39064217,
Papua New Guinea,PNG,Current health expenditure (% of GDP),SH.XPD.CHEX.GD.ZS,,,,,,,,,,,,,,,,,,,,,,,,,,,,,,,,,,,,,,,,,2.0184176,2.3006382,2.77562952,2.4531486,2.59372902,2.44874048,2.42600322,2.42102122,2.13526058,2.32937527,2.10756016,2.29397798,2.66693544,2.99727893,3.27119064,1.81881714,2.33063054,2.22970986,2.29408503,2.32528329,2.52693653,2.712560311199266,2.9118196498166338,
Poland,POL,Current health expenditure (% of GDP),SH.XPD.CHEX.GD.ZS,,,,,,,,,,,,,,,,,,,,,,,,,,,,,,,,,,,,,,,,,5.28789568,5.66721439,6.06724358,5.95371294,5.86845207,5.80689144,5.80280542,5.87339211,6.37592173,6.587708,6.4122324,6.2400856,6.22393656,6.41485739,6.38664055,6.39477158,6.53473854,6.5601325,6.32764196,6.44682503,6.49310207,6.59315157,6.59315157,
Puerto Rico,PRI,Current health expenditure (% of GDP),SH.XPD.CHEX.GD.ZS,,,,,,,,,,,,,,,,,,,,,,,,,,,,,,,,,,,,,,,,,,,,,,,,,,,,,,,,,,,,,,,,
"Korea, Dem. People's Rep.",PRK,Current health expenditure (% of GDP),SH.XPD.CHEX.GD.ZS,,,,,,,,,,,,,,,,,,,,,,,,,,,,,,,,,,,,,,,,,,,,,,,,,,,,,,,,,,,,,,,,
Portugal,PRT,Current health expenditure (% of GDP),SH.XPD.CHEX.GD.ZS,,,,,,,,,,,,,,,,,,,,,,,,,,,,,,,,,,,,,,,,,8.60104179,8.62751579,8.78642941,9.12415695,9.5325079,9.65306759,9.35422611,9.25186634,9.58307838,10.13070393,10.03250504,9.73071671,9.65393257,9.40486622,9.3428812,9.31645775,9.39439487,9.30583763,9.4126482,9.51379871,10.54930592,11.21076488,11.21076488,
Paraguay,PRY,Current health expenditure (% of GDP),SH.XPD.CHEX.GD.ZS,,,,,,,,,,,,,,,,,,,,,,,,,,,,,,,,,,,,,,,,,6.01865244,5.60815811,4.75770569,4.90703917,4.93224335,4.82934713,5.01927567,5.02042723,5.03776026,5.52496862,5.46593952,5.82225847,6.53144598,6.0642848,6.62719059,6.69165802,6.67556572,6.60902548,6.74497652,7.16429377,7.57704258,7.57704258,7.57704258,
West Bank and Gaza,PSE,Current health expenditure (% of GDP),SH.XPD.CHEX.GD.ZS,,,,,,,,,,,,,,,,,,,,,,,,,,,,,,,,,,,,,,,,,,,,,,,,,,,,,,,,,,,,,,,,
French Polynesia,PYF,Current health expenditure (% of GDP),SH.XPD.CHEX.GD.ZS,,,,,,,,,,,,,,,,,,,,,,,,,,,,,,,,,,,,,,,,,,,,,,,,,,,,,,,,,,,,,,,,
Qatar,QAT,Current health expenditure (% of GDP),SH.XPD.CHEX.GD.ZS,,,,,,,,,,,,,,,,,,,,,,,,,,,,,,,,,,,,,,,,,1.97258496,2.3197093,2.46044064,3.50257182,3.18311739,2.56300044,2.288064,2.07008052,1.63775349,2.38356304,1.87017763,1.599962,1.74822152,2.07620168,2.42293572,3.6881299,3.68284607,3.43562698,3.25339484,3.51384258,4.18303919,4.18303919,4.18303919,
Romania,ROU,Current health expenditure (% of GDP),SH.XPD.CHEX.GD.ZS,,,,,,,,,,,,,,,,,,,,,,,,,,,,,,,,,,,,,,,,,4.20876169,4.37598133,4.57694626,5.37136793,5.47733593,5.52778196,5.07106066,5.02223349,5.02274227,5.2784133,5.76614285,4.70199966,4.73353195,5.19664145,5.02168465,4.94721603,5.00346947,5.15083218,5.56050777,5.74023104,6.27236223,6.27236223,6.27236223,
Russian Federation,RUS,Current health expenditure (% of GDP),SH.XPD.CHEX.GD.ZS,,,,,,,,,,,,,,,,,,,,,,,,,,,,,,,,,,,,,,,,,5.01989794,5.24284792,5.52166557,5.16368914,4.7603755,4.77177477,4.76654387,4.74792528,4.90364122,5.64392471,4.97111797,4.79491472,4.93637609,5.08104897,5.18209648,5.29604387,5.28970242,5.35889816,5.35520792,5.64849091,7.59624338,7.59624338,7.59624338,
Rwanda,RWA,Current health expenditure (% of GDP),SH.XPD.CHEX.GD.ZS,,,,,,,,,,,,,,,,,,,,,,,,,,,,,,,,,,,,,,,,,3.57583427,3.31599975,3.13122177,6.93491793,7.50929976,7.72549963,7.60959911,7.86212587,7.5670433,7.80694866,8.08923531,7.93879843,8.10667801,6.77649164,6.98968554,6.65446424,6.96060848,6.38999748,6.69975424,6.33025074,7.3156209,7.48097244606398,7.650061355526019,
Saudi Arabia,SAU,Current health expenditure (% of GDP),SH.XPD.CHEX.GD.ZS,,,,,,,,,,,,,,,,,,,,,,,,,,,,,,,,,,,,,,,,,4.21160603,4.46172953,4.24938202,3.97910237,3.58400226,3.41867018,3.6192224,3.56229854,2.97100854,4.29042482,3.64785957,3.7117846,4.01962805,4.46568966,5.22794724,5.99833775,6.42797995,6.26256561,5.53687382,5.811577766610722,6.099910750244272,6.40254895576243,6.42797995,
Sudan,SDN,Current health expenditure (% of GDP),SH.XPD.CHEX.GD.ZS,,,,,,,,,,,,,,,,,,,,,,,,,,,,,,,,,,,,,,,,,3.60664487,3.36456871,3.30010891,3.89187932,4.15593481,4.09418154,4.88544321,5.66269159,5.42313576,6.39496326,5.05810165,5.61579561,5.68827009,6.96487474,5.67619705,7.26768589,5.48368692,5.9231244,4.46358299,4.63369366,3.01747656,2.5814906436553544,2.2084989927080447,
Senegal,SEN,Current health expenditure (% of GDP),SH.XPD.CHEX.GD.ZS,,,,,,,,,,,,,,,,,,,,,,,,,,,,,,,,,,,,,,,,,3.55015397,3.68148756,3.95294404,4.29703569,4.56856203,3.67466521,3.76337624,3.41496587,3.50687575,3.841573,4.02764368,4.21416712,4.26688004,4.38573599,4.38962269,4.37789631,4.25606871,4.16359377,4.43182087,4.49531031,5.15119171,5.15119171,5.15119171,
Singapore,SGP,Current health expenditure (% of GDP),SH.XPD.CHEX.GD.ZS,,,,,,,,,,,,,,,,,,,,,,,,,,,,,,,,,,,,,,,,,3.343364,3.16302657,3.358464,3.60699272,3.15019798,3.03367925,2.9347465,2.83749056,3.19488454,3.39853096,3.20265388,3.15792179,3.32783675,3.68562651,3.87155652,4.18069839,4.39097595,4.36602068,4.07418776,4.41523695,6.05388212,6.05388212,6.05388212,
Solomon Islands,SLB,Current health expenditure (% of GDP),SH.XPD.CHEX.GD.ZS,,,,,,,,,,,,,,,,,,,,,,,,,,,,,,,,,,,,,,,,,4.82626629,6.60538721,10.10495281,7.075634,7.72383881,9.01593494,8.00584698,7.18298769,5.50597048,6.60598898,4.66139841,5.02313328,4.85143232,4.58325481,4.88791895,4.44879532,4.40535259,4.110919,3.87172961,4.46258593,4.43218184,4.441941805991264,4.451723264091738,
Sierra Leone,SLE,Current health expenditure (% of GDP),SH.XPD.CHEX.GD.ZS,,,,,,,,,,,,,,,,,,,,,,,,,,,,,,,,,,,,,,,,,11.51732349,10.9725275,11.42101955,10.82904911,10.96054268,11.03773403,10.39399529,10.03516102,9.87387657,11.0984726,10.94337559,13.2813406,10.59042263,11.56771851,19.72741699,20.41341209,16.52595901,9.3997612,8.28987503,8.84668446,8.75637054,7.560660195982022,6.528227915661836,
El Salvador,SLV,Current health expenditure (% of GDP),SH.XPD.CHEX.GD.ZS,,,,,,,,,,,,,,,,,,,,,,,,,,,,,,,,,,,,,,,,,7.84342813,7.88604879,7.88565731,7.77182293,8.1302166,9.20057869,8.69338894,8.47836304,8.49585915,8.83749676,8.90416241,8.87645435,8.60625362,9.05235958,8.5989418,8.75833225,8.71456337,8.42286873,8.32511997,8.502141,9.85177708,9.85177708,9.85177708,
San Marino,SMR,Current health expenditure (% of GDP),SH.XPD.CHEX.GD.ZS,,,,,,,,,,,,,,,,,,,,,,,,,,,,,,,,,,,,,,,,,5.83692789,5.69305277,5.44233704,4.81547499,4.91077471,4.93253946,4.95809364,5.1441412,5.45987749,6.24213982,6.26656914,8.24971485,9.1801672,8.42561722,8.48387432,8.6108551,8.62851906,8.47825909,8.48912334,8.3529911,8.69089031,8.708854113626057,8.726855047883063,
Somalia,SOM,Current health expenditure (% of GDP),SH.XPD.CHEX.GD.ZS,,,,,,,,,,,,,,,,,,,,,,,,,,,,,,,,,,,,,,,,,,,,,,,,,,,,,,,,,,,,,,,,
Serbia,SRB,Current health expenditure (% of GDP),SH.XPD.CHEX.GD.ZS,,,,,,,,,,,,,,,,,,,,,,,,,,,,,,,,,,,,,,,,,6.503829,6.86536217,8.06561947,8.13506126,8.24590302,8.28380585,8.49390411,9.37648869,9.48246479,9.34623528,9.52730083,9.11380386,9.32820415,9.31232452,9.2459898,8.81319809,8.45890999,8.22039318,8.53168106,8.66556168,8.73161697,8.719018714152936,8.706438635471791,
South Sudan,SSD,Current health expenditure (% of GDP),SH.XPD.CHEX.GD.ZS,,,,,,,,,,,,,,,,,,,,,,,,,,,,,,,,,,,,,,,,,,,,,,,,,,,,,,,,,,8.23701382,6.27566719,4.65760946,5.25355768,0.0,0.0,
Sao Tome and Principe,STP,Current health expenditure (% of GDP),SH.XPD.CHEX.GD.ZS,,,,,,,,,,,,,,,,,,,,,,,,,,,,,,,,,,,,,,,,,10.51090622,10.83180332,10.66279125,12.6178236,11.8697958,11.51630402,8.27670765,8.1677618,7.11202812,7.19514179,6.84464884,6.75577354,6.47629499,7.93743753,6.73101807,5.34009647,6.43088865,6.46091604,5.84369898,5.22996283,4.90671349,4.8542807237868395,4.802408250115391,
Suriname,SUR,Current health expenditure (% of GDP),SH.XPD.CHEX.GD.ZS,,,,,,,,,,,,,,,,,,,,,,,,,,,,,,,,,,,,,,,,,5.87092161,3.82474971,5.32991552,4.88878393,5.4608078,5.2439642,5.85598755,5.22148609,4.74699593,4.97810316,4.6978569,4.40932178,4.28435707,4.48738098,4.52127838,5.80808163,5.99283743,5.32285929,6.68795872,8.43241405,6.77187824,7.09745083191648,7.43867602549687,
Slovak Republic,SVK,Current health expenditure (% of GDP),SH.XPD.CHEX.GD.ZS,,,,,,,,,,,,,,,,,,,,,,,,,,,,,,,,,,,,,,,,,5.30256939,5.3315053,5.50947618,5.44849873,6.37190437,6.58870029,6.85076714,7.17735338,6.9563446,7.94779444,7.69692326,7.33012152,7.56544065,7.52300453,6.90780544,6.78228903,7.11356306,6.77511358,6.69954538,6.94772625,7.23213387,7.330623858701153,7.430455122059097,
Slovenia,SVN,Current health expenditure (% of GDP),SH.XPD.CHEX.GD.ZS,,,,,,,,,,,,,,,,,,,,,,,,,,,,,,,,,,,,,,,,,7.80406952,7.87602425,8.02119827,8.09883499,7.93957281,7.99595737,7.82322693,7.51139164,7.85466576,8.54080105,8.56503296,8.53639603,8.71509933,8.74028301,8.50197601,8.49823952,8.4630394,8.18480968,8.27911568,8.52314281,9.45357895,9.15498257,9.311901809442075,
Sweden,SWE,Current health expenditure (% of GDP),SH.XPD.CHEX.GD.ZS,,,,,,,,,,,,,,,,,,,,,,,,,,,,,,,,,,,,,,,,,7.32689953,7.90032959,8.21006203,8.31724644,8.1296196,8.1508379,8.05226612,7.99607754,8.20824242,8.77037907,8.31963825,10.41646671,10.7351532,10.90491486,10.9479475,10.80418396,10.85240364,10.78509998,10.94106293,10.83224297,11.37992764,11.27992725,11.370361547343316,
Eswatini,SWZ,Current health expenditure (% of GDP),SH.XPD.CHEX.GD.ZS,,,,,,,,,,,,,,,,,,,,,,,,,,,,,,,,,,,,,,,,,4.60951757,5.13895369,5.52298307,6.37864399,6.81432486,7.37623358,7.82560062,7.93004131,8.85792923,8.63292217,8.5912571,8.46997261,7.82047606,7.45703411,7.25596571,7.05855274,6.82044792,6.98103714,7.23889112,6.74539423,6.51153374,6.412436195727682,6.314846794340423,
Sint Maarten (Dutch part),SXM,Current health expenditure (% of GDP),SH.XPD.CHEX.GD.ZS,,,,,,,,,,,,,,,,,,,,,,,,,,,,,,,,,,,,,,,,,,,,,,,,,,,,,,,,,,,,,,,,
Seychelles,SYC,Current health expenditure (% of GDP),SH.XPD.CHEX.GD.ZS,,,,,,,,,,,,,,,,,,,,,,,,,,,,,,,,,,,,,,,,,4.61071777,5.39628124,4.56042624,5.35933495,5.1972785,4.97854805,4.67937088,4.09072113,3.98245716,3.88551354,4.82908678,4.80053091,5.73247623,4.50912523,4.58643389,4.46488523,4.96118879,4.76658726,4.98726749,4.87495708,6.38917351,6.38917351,6.38917351,
Syrian Arab Republic,SYR,Current health expenditure (% of GDP),SH.XPD.CHEX.GD.ZS,,,,,,,,,,,,,,,,,,,,,,,,,,,,,,,,,,,,,,,,,4.55400705,4.6971879,4.94717073,5.11781693,4.47935343,4.10970592,3.77771473,3.72242856,3.39762759,3.5464704,3.2764473,2.52865291,3.04719615,2.9601974078506066,2.875682516678636,2.7935805614854847,2.7138226519258284,2.636341864502912,2.5610731864141916,2.4879534610001994,2.4169213347508776,2.3479172058248947,2.280883174038761,
Turks and Caicos Islands,TCA,Current health expenditure (% of GDP),SH.XPD.CHEX.GD.ZS,,,,,,,,,,,,,,,,,,,,,,,,,,,,,,,,,,,,,,,,,,,,,,,,,,,,,,,,,,,,,,,,
Chad,TCD,Current health expenditure (% of GDP),SH.XPD.CHEX.GD.ZS,,,,,,,,,,,,,,,,,,,,,,,,,,,,,,,,,,,,,,,,,5.45750713,5.2932992,7.26787424,5.50940943,5.50012684,4.84111166,4.86643076,4.34313393,4.05955124,4.44166946,4.06023312,3.91046357,3.8560791,4.06645298,4.27316904,4.52395248,5.05077839,4.55722713,4.56768799,4.47938061,5.40748835,5.6334052650358375,5.868760656716625,
Togo,TGO,Current health expenditure (% of GDP),SH.XPD.CHEX.GD.ZS,,,,,,,,,,,,,,,,,,,,,,,,,,,,,,,,,,,,,,,,,2.79418182,2.88543367,2.90227056,2.93837667,3.0855279,3.3024261,3.44603634,3.8666532,3.84063601,4.07616663,4.45493317,4.55412722,4.80787134,4.94373512,5.07998943,4.95647097,6.59755707,6.40987968,6.00396872,5.64253759,5.96301126,6.244375584484061,6.539016067546492,
Thailand,THA,Current health expenditure (% of GDP),SH.XPD.CHEX.GD.ZS,,,,,,,,,,,,,,,,,,,,,,,,,,,,,,,,,,,,,,,,,3.10125351,3.02623773,3.334723,3.24312782,3.13893151,3.15972233,3.09970832,3.19277525,3.45933938,3.61939645,3.39009809,3.56825495,3.5229404,3.45313334,3.68448091,3.8522861,3.93900609,3.85276842,3.87040329,3.8583262,4.35930967,4.35930967,4.35930967,
Tajikistan,TJK,Current health expenditure (% of GDP),SH.XPD.CHEX.GD.ZS,,,,,,,,,,,,,,,,,,,,,,,,,,,,,,,,,,,,,,,,,4.26492405,4.57802534,4.43647242,4.70218658,4.79911184,5.21024704,5.03254795,5.54050112,5.91206694,5.85579777,5.73543453,5.85971785,5.98185873,6.53226423,6.6654973,6.90735912,6.96349716,6.85399008,7.01381588,6.9476676,8.17697811,8.17697811,8.17697811,
Turkmenistan,TKM,Current health expenditure (% of GDP),SH.XPD.CHEX.GD.ZS,,,,,,,,,,,,,,,,,,,,,,,,,,,,,,,,,,,,,,,,,4.07783461,4.82198191,4.15504408,5.0367589,6.25892353,5.65422964,4.97834015,3.12948632,3.49424887,2.84764099,3.24345636,3.24805617,3.36840105,3.93541193,4.30969286,5.11721087,5.74498892,5.93897438,5.69395018,5.68183947,5.68487024,5.814025080052935,5.9461141951209315,
Timor-Leste,TLS,Current health expenditure (% of GDP),SH.XPD.CHEX.GD.ZS,,,,,,,,,,,,,,,,,,,,,,,,,,,,,,,,,,,,,,,,,,,,2.84187031,4.26103544,5.28044748,6.00192022,5.64793253,6.96563959,7.30931807,6.47058821,6.86541462,6.99473858,8.5323782,7.60483742,7.67216587,6.89625168,6.6738925,6.28910303,5.95605564,9.85141468,9.85141468,9.85141468,
Tonga,TON,Current health expenditure (% of GDP),SH.XPD.CHEX.GD.ZS,,,,,,,,,,,,,,,,,,,,,,,,,,,,,,,,,,,,,,,,,2.90389204,3.42501593,3.58957744,3.43583083,4.50741625,4.38560247,5.47225046,4.73330021,6.05759716,3.92779636,4.81632328,3.82126665,4.79517698,3.9839797,5.00648069,4.47327423,4.81820822,4.85577822,4.80628061,4.74669981,5.31753922,5.511712078728018,5.712975265802803,
Trinidad and Tobago,TTO,Current health expenditure (% of GDP),SH.XPD.CHEX.GD.ZS,,,,,,,,,,,,,,,,,,,,,,,,,,,,,,,,,,,,,,,,,4.23492479,4.0346489,4.72302485,4.18767118,4.30805206,4.43451166,4.15431976,4.1536026,3.6575706,5.48676443,5.08042908,4.72197914,4.87369823,5.02500725,5.19675922,6.02267027,6.83660126,6.75476503,6.66994572,6.82082558,7.31458092,7.31458092,7.31458092,
Tunisia,TUN,Current health expenditure (% of GDP),SH.XPD.CHEX.GD.ZS,,,,,,,,,,,,,,,,,,,,,,,,,,,,,,,,,,,,,,,,,4.81271935,4.86132765,5.12036419,5.20888519,5.19890785,5.14555788,5.13109922,5.17542839,5.1644063,5.40595293,5.60950756,6.12299299,6.28984737,6.51394987,6.45006084,6.24453449,6.25855684,6.1865468,5.93711042,5.47337294,6.34364796,6.383376753494812,6.423354359193973,
Turkiye,TUR,Current health expenditure (% of GDP),SH.XPD.CHEX.GD.ZS,,,,,,,,,,,,,,,,,,,,,,,,,,,,,,,,,,,,,,,,,4.59957218,4.88784933,5.06227875,5.01427698,4.9096446,4.89389706,5.14591694,5.23760796,5.21761751,5.49438715,5.02053452,4.6530509,4.44444656,4.37099934,4.32517862,4.11690426,4.28469229,4.17974997,4.12363815,4.35956669,4.61794329,4.728145032459517,4.840976608868578,
Tuvalu,TUV,Current health expenditure (% of GDP),SH.XPD.CHEX.GD.ZS,,,,,,,,,,,,,,,,,,,,,,,,,,,,,,,,,,,,,,,,,22.37474632,18.47802734,12.42768574,14.38950729,9.88583279,10.56283283,12.27132893,10.51983929,10.1193676,12.26670933,15.65082836,14.10340405,13.5962553,14.3384304,14.6935215,13.52732944,13.55537319,15.80937386,18.20367622,20.88978577,21.53916931,22.37474632,22.37474632,
Tanzania,TZA,Current health expenditure (% of GDP),SH.XPD.CHEX.GD.ZS,,,,,,,,,,,,,,,,,,,,,,,,,,,,,,,,,,,,,,,,,3.41529942,4.23551702,4.68907642,5.34231472,5.7373414,6.32282543,7.598279,6.88427973,5.55704737,5.06306362,5.22392178,5.0559845,5.01779366,4.64643383,4.01492071,3.64969945,3.96350336,4.08257437,4.16191673,3.87440205,3.74659801,3.771616258019667,3.7968015676595837,
Uganda,UGA,Current health expenditure (% of GDP),SH.XPD.CHEX.GD.ZS,,,,,,,,,,,,,,,,,,,,,,,,,,,,,,,,,,,,,,,,,5.08340597,5.05275154,4.77209187,4.29918194,4.7002449,5.80518579,6.46332979,6.1131134,5.45476198,5.78845549,6.80890226,6.6959095,6.10853958,5.78252411,5.33653069,5.07657671,4.96112299,3.99827504,4.01846313,3.79804969,3.96206594,3.785010948897458,3.6158681102802737,
Ukraine,UKR,Current health expenditure (% of GDP),SH.XPD.CHEX.GD.ZS,,,,,,,,,,,,,,,,,,,,,,,,,,,,,,,,,,,,,,,,,5.30685186,5.72534418,5.99220037,6.54574108,6.16856956,6.3461585,6.41695213,6.01705122,5.49728012,6.60771894,6.81229019,6.81617165,7.11666059,6.94156218,7.18960428,7.77607775,7.54541159,7.43283224,7.52051353,7.09389353,7.61658287,7.592463836253955,7.568421178987859,
Upper middle income,UMC,Current health expenditure (% of GDP),SH.XPD.CHEX.GD.ZS,,,,,,,,,,,,,,,,,,,,,,,,,,,,,,,,,,,,,,,,,5.33171017780114,5.31269080301374,5.20872824443974,5.25877975816621,5.19538568942885,5.19483493691364,5.12049154708512,5.04781345471266,5.08196872184904,5.48342722204274,5.25146707841682,5.2129160308825,5.25313645408746,5.33443834442697,5.39932171735409,5.50499896989363,5.49900954242686,5.62700856294669,5.56858478473495,5.69453368716882,6.09571657103024,6.09571657103024,6.09571657103024,
Uruguay,URY,Current health expenditure (% of GDP),SH.XPD.CHEX.GD.ZS,,,,,,,,,,,,,,,,,,,,,,,,,,,,,,,,,,,,,,,,,9.21095848,9.79864407,9.68134308,9.61753464,8.30145359,7.75686073,7.74287462,7.49349833,8.12533188,7.9498806,7.91117048,7.94897985,8.06757545,8.11897373,8.07319641,8.29225731,8.67535782,8.82179642,9.01452351,9.39027691,9.15207481,9.337390668228311,9.526458896058468,
United States,USA,Current health expenditure (% of GDP),SH.XPD.CHEX.GD.ZS,,,,,,,,,,,,,,,,,,,,,,,,,,,,,,,,,,,,,,,,,12.48710918,13.16466713,13.99167347,14.50113487,14.54663658,14.57448006,14.70358467,14.91463089,15.20489883,16.19877434,16.19557953,16.13764381,16.11693954,15.98693848,16.19240761,16.48109245,16.79314804,16.76793671,16.64094353,16.67647362,18.81582642,18.81582642,18.81582642,
Uzbekistan,UZB,Current health expenditure (% of GDP),SH.XPD.CHEX.GD.ZS,,,,,,,,,,,,,,,,,,,,,,,,,,,,,,,,,,,,,,,,,5.11650658,5.23737431,5.14164925,5.1882515,4.84063768,4.781991,4.75141335,4.54267979,4.70447445,4.79649639,5.29938841,5.26245499,5.54822111,5.71896601,4.43092394,4.73596573,4.71504498,4.83789968,5.07702637,5.43133879,6.74741459,6.74741459,6.74741459,
St. Vincent and the Grenadines,VCT,Current health expenditure (% of GDP),SH.XPD.CHEX.GD.ZS,,,,,,,,,,,,,,,,,,,,,,,,,,,,,,,,,,,,,,,,,3.97939277,4.00093412,4.07769632,3.95764542,3.8658421,3.83165979,3.65356708,3.81816602,3.88194203,4.09299564,4.30325222,4.23108053,4.45042276,4.24191046,4.17631912,4.11412001,4.13464594,4.19770384,4.13830519,4.32406807,4.81775093,4.81775093,4.81775093,
"Venezuela, RB",VEN,Current health expenditure (% of GDP),SH.XPD.CHEX.GD.ZS,,,,,,,,,,,,,,,,,,,,,,,,,,,,,,,,,,,,,,,,,7.33427238,7.85063791,7.71829367,7.50703812,6.78156996,6.05508995,8.0986166,7.78344536,6.40868616,7.54578352,6.83106947,7.1770978,6.44814777,5.5941329,5.77645445,4.34628868,3.91797328,4.51975679,2.41691327,2.18563724,3.81606245,3.999290025679034,4.191315241577299,
British Virgin Islands,VGB,Current health expenditure (% of GDP),SH.XPD.CHEX.GD.ZS,,,,,,,,,,,,,,,,,,,,,,,,,,,,,,,,,,,,,,,,,,,,,,,,,,,,,,,,,,,,,,,,
Virgin Islands (U.S.),VIR,Current health expenditure (% of GDP),SH.XPD.CHEX.GD.ZS,,,,,,,,,,,,,,,,,,,,,,,,,,,,,,,,,,,,,,,,,,,,,,,,,,,,,,,,,,,,,,,,
Viet Nam,VNM,Current health expenditure (% of GDP),SH.XPD.CHEX.GD.ZS,,,,,,,,,,,,,,,,,,,,,,,,,,,,,,,,,,,,,,,,,3.81915736,4.51130629,3.59967446,3.66619396,3.79920292,4.01387405,4.24659491,4.30235767,4.05425692,4.16906166,4.69927311,4.6128521,5.00178242,5.07556248,4.6127553,4.56543732,4.51853609,4.71283484,5.04966736,5.03395176,4.68066788,4.709600168400193,4.738711293952164,
Vanuatu,VUT,Current health expenditure (% of GDP),SH.XPD.CHEX.GD.ZS,,,,,,,,,,,,,,,,,,,,,,,,,,,,,,,,,,,,,,,,,3.30683255,3.38728333,3.90437746,3.50691938,3.53991532,3.30528617,3.32189322,3.1078558,3.13810205,3.25197887,3.52656102,3.59819388,3.9356277,4.39234495,3.64668846,4.32168293,2.93130064,2.76285458,3.31753612,3.31453276,3.96995449,3.984574572584982,3.999248496294674,
World,WLD,Current health expenditure (% of GDP),SH.XPD.CHEX.GD.ZS,,,,,,,,,,,,,,,,,,,,,,,,,,,,,,,,,,,,,,,,,8.61589168150472,9.00223968922349,9.34463979883332,9.49814757718267,9.38544676506775,9.31113788855428,9.23877321436131,9.06863306025202,9.06503762264816,9.80755041913997,9.46642162521754,9.35019544280965,9.3585740562313,9.32880556598517,9.4277329146774,9.7264314887907,9.85011608900089,9.75098963246082,9.67679048758379,9.82984760891454,10.8869081586253,10.8869081586253,10.8869081586253,
Samoa,WSM,Current health expenditure (% of GDP),SH.XPD.CHEX.GD.ZS,,,,,,,,,,,,,,,,,,,,,,,,,,,,,,,,,,,,,,,,,4.39660597,3.93347716,4.64051485,4.28586912,4.64893866,4.76252794,5.01838207,4.87175274,4.6574831,5.25886679,5.28433228,5.43251324,5.07101011,6.44109249,6.59894657,5.78755188,5.10326052,5.46427584,5.09365797,6.01635885,5.32613707,5.27405200941757,5.2224762961351106,
Kosovo,XKX,Current health expenditure (% of GDP),SH.XPD.CHEX.GD.ZS,,,,,,,,,,,,,,,,,,,,,,,,,,,,,,,,,,,,,,,,,,,,,,,,,,,,,,,,,,,,,,,,
"Yemen, Rep.",YEM,Current health expenditure (% of GDP),SH.XPD.CHEX.GD.ZS,,,,,,,,,,,,,,,,,,,,,,,,,,,,,,,,,,,,,,,,,4.66606569,4.94514799,4.83237982,5.75758314,5.5144043,5.20585251,5.52930164,5.82077599,5.76191616,5.98619986,5.15932894,4.7695322,5.19593525,4.96083164,4.8418045,4.25285673,4.102280553984971,3.957035661439562,3.816933293529635,3.681791374595502,3.551434275528187,3.425692585523563,3.3044028919177375,
South Africa,ZAF,Current health expenditure (% of GDP),SH.XPD.CHEX.GD.ZS,,,,,,,,,,,,,,,,,,,,,,,,,,,,,,,,,,,,,,,,,7.3366189,7.12327909,6.67774487,7.04098177,6.938416,6.86216164,6.87650871,6.90510845,7.14832258,7.64941454,7.79358244,7.94434404,8.00428867,8.10322285,7.87136555,8.05304241,8.07959366,7.97711229,8.06289959,8.24258327,8.58329773,8.58329773,8.58329773,
Zambia,ZMB,Current health expenditure (% of GDP),SH.XPD.CHEX.GD.ZS,,,,,,,,,,,,,,,,,,,,,,,,,,,,,,,,,,,,,,,,,7.15237093,6.55248451,6.79403543,7.18999434,7.04994965,6.86332178,5.87367344,4.35264969,4.01207542,4.42680454,3.71929598,3.46053243,3.93052912,4.69090986,3.82924223,4.43510246,4.47761726,4.40054274,5.05676603,5.31950092,5.61788416,5.898267576878299,6.192644671486747,
Zimbabwe,ZWE,Current health expenditure (% of GDP),SH.XPD.CHEX.GD.ZS,,,,,,,,,,,,,,,,,,,,,,,,,,,,,,,,,,,,,,,,,,,,,,,,,,,10.47583866,8.08288383,6.91794872,7.10940313,8.13227272,7.44982719,7.46644735,6.363585,4.67041826,3.65976548,3.42558146,2.951527111874568,2.54307550232089,
