Country Name,Country Code,Indicator Name,Indicator Code,1960,1961,1962,1963,1964,1965,1966,1967,1968,1969,1970,1971,1972,1973,1974,1975,1976,1977,1978,1979,1980,1981,1982,1983,1984,1985,1986,1987,1988,1989,1990,1991,1992,1993,1994,1995,1996,1997,1998,1999,2000,2001,2002,2003,2004,2005,2006,2007,2008,2009,2010,2011,2012,2013,2014,2015,2016,2017,2018,2019,2020,2021,2022
Africa Eastern and Southern,AFE,Expense (% of GDP),GC.XPN.TOTL.GD.ZS,,,,,,,,,,,,,,,,,,,,,,,,,,,,,,,,,,,,,,,,21.54391605,,,,,,,,,,23.75982289,23.71369697,25.46955665,23.42334844,25.10017053,25.01732793,23.9471499,22.85437254,24.55555869,24.10949249,25.29930976,,,
Africa Western and Central,AFW,Expense (% of GDP),GC.XPN.TOTL.GD.ZS,,,,,,,,,,,,,,,,,,,,,,,,,,,,,,,,,,,,,,,,,,,,,,,,,,,,,,,,,,,,,,,
Arab World,ARB,Expense (% of GDP),GC.XPN.TOTL.GD.ZS,,,,,,,,,,,,,,,,,,,,,,,,,,,,,,,,,,,,,,,,,,,,,,,,,,,,,,,22.90082935,23.56548611,,,,,,,
Caribbean small states,CSS,Expense (% of GDP),GC.XPN.TOTL.GD.ZS,,,,,,,,,,,,,,,,,,,,,,,,,,,,,,,,,,,,,,,,,,21.50055732,22.69039344,22.44134261,22.27978061,21.8204828,25.00329081,22.94737067,24.83543385,29.52244022,27.0423939,25.48691882,25.9358938,25.76893698,26.41425658,27.71026281,28.03019419,27.79334449,26.68854411,27.97919054,,,
Central Europe and the Baltics,CEB,Expense (% of GDP),GC.XPN.TOTL.GD.ZS,,,,,,,,,,,,,,,,,,,,,,,,,,,,,,,,,,,36.11228656,41.91590702,42.59292742,39.44840579,39.06176434,39.23944154,38.79875862,38.62052763,38.64431678,38.57560225,36.6900881,35.94798103,35.60181383,34.90896988,35.59911204,38.28495874,37.87911714,36.91193825,36.69824997,37.36285485,36.81441803,36.06180512,35.94176192,34.95708377,34.54697927,35.07626434,40.86020226,38.89495004,
Early-demographic dividend,EAR,Expense (% of GDP),GC.XPN.TOTL.GD.ZS,,,,,,,,,,,,,,,,,,,,,,,,,,,,,,,15.94435786,15.55876721,16.0443634,16.02400705,15.64413667,16.39015529,16.97321408,17.70309089,16.66014949,,,,,,,,,,,,,20.16591354,20.84167846,21.27235763,21.34246367,21.49241906,21.02164786,20.89892964,21.18492695,,,,
East Asia & Pacific,EAS,Expense (% of GDP),GC.XPN.TOTL.GD.ZS,,,,,,,,,,,,,,,,,,,,,,,,,,,,,,,,,,,,,,,,,,,,,,,,,,,,,,,,,,,,,,,
East Asia & Pacific (excluding high income),EAP,Expense (% of GDP),GC.XPN.TOTL.GD.ZS,,,,,,,,,,,,,,,,,,,,,,,,,,,,,,,,,,,,,,,,,,,,,,,,,,,,,,,,,,,,,,,
East Asia & Pacific (IDA & IBRD countries),TEA,Expense (% of GDP),GC.XPN.TOTL.GD.ZS,,,,,,,,,,,,,,,,,,,,,,,,,,,,,,,,,,,,,,,,,,,,,,,,,,,,,,,,,,,,,,,
Euro area,EMU,Expense (% of GDP),GC.XPN.TOTL.GD.ZS,,,,,,,,,,,,,22.98658371,24.48755735,25.62786748,28.32435149,28.39573619,28.85616523,30.00794383,30.53685496,31.80827385,31.78243245,33.08726975,33.25438233,33.43803341,33.68108341,35.5003943,35.84631014,34.52329142,33.97730085,34.18590238,36.83087108,38.0900884,39.43947698,38.87147965,43.96160042,41.37555956,40.51027152,39.09238354,38.79935768,37.912435,37.88000883,38.1345766,38.49744099,37.7909254,37.91238476,37.33876932,36.59014638,37.3694243,40.6862738,41.15592829,39.45952947,39.62355219,39.51240181,39.04760316,38.3565584,37.91144621,37.51776243,37.17816352,37.09411283,43.03408415,41.82178853,
Europe & Central Asia,ECS,Expense (% of GDP),GC.XPN.TOTL.GD.ZS,,,,,,,,,,,,,,24.80121217,26.28964672,28.85823096,29.00327604,29.23518862,30.17131547,30.68792759,31.23792022,31.55675166,33.43471712,32.46620702,32.54556853,33.36168136,34.31479467,34.24304441,32.96007519,32.43688567,32.35675082,34.7839511,36.28806437,37.41654785,36.00927423,37.73838806,38.48341804,37.30011259,35.13147482,35.01430514,34.45888104,34.60850373,35.15193491,35.57053938,34.91418501,35.02041661,34.5615984,34.45272697,34.97528338,38.7209217,38.2303567,36.4096405,36.86640808,36.4219013,36.23482898,35.97924612,35.67195641,35.37496554,35.03890103,35.07979928,41.0950328,38.95619936,
Europe & Central Asia (excluding high income),ECA,Expense (% of GDP),GC.XPN.TOTL.GD.ZS,,,,,,,,,,,,,,,,,,,,,,,,,,,,,,,,,,,25.88996384,15.3548371,,,23.34382499,,,,,,,,,,25.53798596,33.35058993,28.89190613,25.37487428,25.87396894,25.94226382,27.30798077,29.0892631,29.68482184,29.95366114,29.18822749,30.24843543,33.48080479,29.98856783,
Europe & Central Asia (IDA & IBRD countries),TEC,Expense (% of GDP),GC.XPN.TOTL.GD.ZS,,,,,,,,,,,,,,,,,,,,,,,,,,,,,,,,,,,27.53559733,20.30901514,,,26.21674586,24.72961694,25.24166319,26.34571144,26.0870392,26.58845314,25.41554382,,,27.28797919,27.4068187,34.0065778,30.35872277,27.16849841,27.5333059,27.67213266,28.71338347,30.07591427,30.59956168,30.71182505,29.98388719,30.98588066,34.75144843,31.3901554,
European Union,EUU,Expense (% of GDP),GC.XPN.TOTL.GD.ZS,,,,,,,,,,,,,,24.48118265,25.68497198,28.22818071,28.36039549,28.93736148,30.12659141,30.72868515,32.00166253,32.35088527,33.45854173,33.64324299,33.75385468,34.19521881,35.67015631,35.88849012,34.60562224,34.13949904,34.3682218,36.89746944,38.28826013,39.53232458,38.83034246,43.69875439,41.3782498,40.22620576,38.96662612,38.64661192,37.71476319,37.69235215,37.92268953,38.28215745,37.46528284,37.45127143,36.85773439,36.22074485,36.94869482,40.13774898,40.49626223,38.94533594,39.19201681,39.10155701,38.64532657,37.93389685,37.49378704,37.05459973,36.72108956,36.64945205,42.43676149,41.08938725,
Fragile and conflict affected situations,FCS,Expense (% of GDP),GC.XPN.TOTL.GD.ZS,,,,,,,,,,,,,,,,,,,,,,,,,,,,,,,,,,,,,,,,,,,,,,,,,,,,,,,,,,,,,,,
Heavily indebted poor countries (HIPC),HPC,Expense (% of GDP),GC.XPN.TOTL.GD.ZS,,,,,,,,,,,,,,,,,,,,,,,,,,,,,,,,,,,,,,,,,,,,,,,,,,,,,15.96324972,,,15.05664467,15.07552017,,,,,,
High income,HIC,Expense (% of GDP),GC.XPN.TOTL.GD.ZS,,,,,,,,,,,,,19.28727021,19.76046064,20.56467895,22.52798496,22.85297678,22.89005005,23.23244534,23.33023235,24.42629989,24.59255462,25.62448495,25.79296487,25.19213427,25.62567274,26.4369972,25.94751279,25.13674229,24.76006811,25.01131105,28.69090032,28.48844469,28.58652398,26.682072,27.98613397,26.97074654,25.92174683,25.92819045,25.27863864,25.05069672,25.79149105,26.19490027,26.52996756,26.06938954,26.18705504,25.91511576,25.67040479,26.97856693,29.72713825,29.77257438,28.83790901,28.84411292,28.23152279,27.90297385,27.6314831,27.41364444,27.10223596,27.02563199,27.25197226,34.79543121,33.33870099,
IBRD only,IBD,Expense (% of GDP),GC.XPN.TOTL.GD.ZS,,,,,,,,,,,,,,,,,,,,,,,,,,,,,,,,,,,,,,,,,,,,,,,,,,,,,,,,,,,,,,,
IDA & IBRD total,IBT,Expense (% of GDP),GC.XPN.TOTL.GD.ZS,,,,,,,,,,,,,,,,,,,,,,,,,,,,,,,,,,,,,,,,,,,,,,,,,,,,,,,,,,,,,,,
IDA blend,IDB,Expense (% of GDP),GC.XPN.TOTL.GD.ZS,,,,,,,,,,,,,,,,,,,,,,,,,,,,,,,,,,,,,,,,,,,,,,,,,,,,,,,,,,,,,,,
IDA only,IDX,Expense (% of GDP),GC.XPN.TOTL.GD.ZS,,,,,,,,,,,,,,,,,,,,,,,,,,,,,,,,,,,,,,,,,,,,,,,,,,,14.49078681,,14.1228295,13.76095792,14.18849352,14.29414082,13.8058765,14.35524391,12.84115934,13.76925974,,,
IDA total,IDA,Expense (% of GDP),GC.XPN.TOTL.GD.ZS,,,,,,,,,,,,,,,,,,,,,,,,,,,,,,,,,,,,,,,,,,,,,,,,,,,,,,,,,,,,,,,
Late-demographic dividend,LTE,Expense (% of GDP),GC.XPN.TOTL.GD.ZS,,,,,,,,,,,,,,,,,,,,,,,,,,,,,,,,,,,,,,,,,,,,,,,,,,,,,,,,,,,,,,,
Latin America & Caribbean,LCN,Expense (% of GDP),GC.XPN.TOTL.GD.ZS,,,,,,,,,,,,,,,,,,,,,,,,,,,,,,,,,,,,,,,,,,,,,,,,,,,,,,,28.32096448,30.74847835,30.95626244,27.86266929,27.61889997,27.46978415,30.75330374,27.51345424,
Latin America & Caribbean (excluding high income),LAC,Expense (% of GDP),GC.XPN.TOTL.GD.ZS,,,,,,,,,,,,,,,,,,,,,,,,,,,,,,,,,,,,,,,,,,,,,,,,,,,,,,,29.06679963,31.66110387,31.77698491,28.24672129,27.98583538,27.75620062,31.07521337,27.45306133,
Latin America & the Caribbean (IDA & IBRD countries),TLA,Expense (% of GDP),GC.XPN.TOTL.GD.ZS,,,,,,,,,,,,,,,,,,,,,,,,,,,,,,,,,,,,,,,,,,,,,,,,,,,,,,,28.3484124,30.78251998,30.98803694,27.87878781,27.63956464,27.48772316,30.76012623,27.51715589,
Least developed countries: UN classification,LDC,Expense (% of GDP),GC.XPN.TOTL.GD.ZS,,,,,,,,,,,,,,,,,,,,,,,,,,,,,,,,,,,,,,,,,,,,,,,,,,,16.20237821,,14.78173925,15.97677694,16.37349461,14.74252397,13.91730411,14.35722597,12.50812464,13.69790354,,,
Low & middle income,LMY,Expense (% of GDP),GC.XPN.TOTL.GD.ZS,,,,,,,,,,,,,,,,,,,,,,,,,,,,,,,,,,,,,,,,,,,,,,,,,,,,,,,,,,,,,,,
Low income,LIC,Expense (% of GDP),GC.XPN.TOTL.GD.ZS,,,,,,,,,,,,,,,,,,,,,,,,,,,,,,,,,,,,,,,,,,,,,,,,,,,,,,,,,,,,,,,
Lower middle income,LMC,Expense (% of GDP),GC.XPN.TOTL.GD.ZS,,,,,,,,,,,,,,,,,,,,,,,,,,,,,,,,,,,,,,,,,,,17.926434,17.56681456,16.98380425,17.78720726,18.19646487,17.58119376,18.92018333,19.02722809,,17.4307116,18.2419439,18.54422362,17.85138993,17.45246671,,,,,,,
Middle East & North Africa,MEA,Expense (% of GDP),GC.XPN.TOTL.GD.ZS,,,,,,,,,,,,,,,,,,,,,,,,,,,,,,,,,,,,,,,,,,,,,,,,,,,,,,,,,,,,,,,
Middle East & North Africa (excluding high income),MNA,Expense (% of GDP),GC.XPN.TOTL.GD.ZS,,,,,,,,,,,,,,,,,,,,,,,,,,,,,,,,,,,,,,,,,,,,,,23.67674572,25.79344335,23.12895227,24.0782933,24.41062564,,,,,,,,,,,,,
Middle East & North Africa (IDA & IBRD countries),TMN,Expense (% of GDP),GC.XPN.TOTL.GD.ZS,,,,,,,,,,,,,,,,,,,,,,,,,,,,,,,,,,,,,,,,,,,22.4415381,22.32696157,21.96031013,23.92876757,26.055583,23.35231425,24.28122333,24.65315227,,,,,,,,,,,,,
Middle income,MIC,Expense (% of GDP),GC.XPN.TOTL.GD.ZS,,,,,,,,,,,,,,,,,,,,,,,,,,,,,,,,,,,,,,,,,,,,,,,,,,,,,,,,,,,,,,,
North America,NAC,Expense (% of GDP),GC.XPN.TOTL.GD.ZS,,,,,,,,,,,,,17.79831289,17.89633051,17.88262429,19.4705455,19.7324454,19.60298315,19.12358357,18.92108842,20.54416974,21.00472055,22.46313987,22.80273349,21.47035885,22.17480195,22.23061203,21.37433667,21.03032634,20.863127,21.77590732,23.09628736,22.13559705,21.73486875,20.98909095,20.78037553,20.20515611,19.47346275,18.84538755,18.24545188,17.99893565,19.44156686,19.90293031,20.43666188,20.17681158,20.49570546,20.29055566,20.53151378,22.30060955,25.00258278,25.45953225,24.70576404,23.36596442,22.43315063,22.1477488,22.01989327,22.11650872,21.89370337,21.89621993,22.29306214,31.78977078,30.51003461,24.25164308
Not classified,INX,Expense (% of GDP),GC.XPN.TOTL.GD.ZS,,,,,,,,,,,,,,,,,,,,,,,,,,,,,,,,,,,,,,,,,,,,,,,,,,,,,,,,,,,,,,,
OECD members,OED,Expense (% of GDP),GC.XPN.TOTL.GD.ZS,,,,,,,,,,,,,18.93057989,19.42904228,20.18418918,22.11332019,22.43849046,22.49778198,22.8356958,23.03496802,24.01365863,24.03522032,25.52043083,25.47230888,24.83528809,25.22568237,26.033894,25.65895204,24.81330568,24.34868122,24.5251481,27.38727445,27.60076027,27.88732255,26.13968293,27.40177124,26.49858779,25.72702339,25.49003315,25.02855387,24.62573109,25.70683934,26.14313354,26.50899413,26.05688186,26.21060992,25.90469364,25.69184537,27.06344601,29.86916184,29.96600359,29.20704721,29.15955366,28.5899452,28.20328007,27.82904725,27.71720889,27.25275456,27.21148848,27.47244421,34.75679077,33.31920925,
Other small states,OSS,Expense (% of GDP),GC.XPN.TOTL.GD.ZS,,,,,,,,,,,,,,,,,,,,,,,,,,,,,,,,,,,,,,,,,,,,,,,,,,,,,,,,,,,,,,,
Pacific island small states,PSS,Expense (% of GDP),GC.XPN.TOTL.GD.ZS,,,,,,,,,,,,,,,,,,,,,,,,,,,,,,,,,,,,,,,,,,,,,,,,,,,,26.64230695,27.53230347,28.76645109,30.09931728,30.88401657,30.30747737,30.87932615,31.48363749,32.40872424,36.35342892,37.73378285,
Post-demographic dividend,PST,Expense (% of GDP),GC.XPN.TOTL.GD.ZS,,,,,,,,,,,,,19.13174714,19.66136031,20.48279155,22.42326273,22.76535038,22.79699159,23.13980406,23.2825924,24.369385,24.42070664,25.4266257,25.60454474,25.00636258,25.39867713,26.22574194,25.78991667,24.97590284,24.63364676,24.90764561,27.97788784,28.22307988,28.52017645,26.48947711,27.65349682,26.53479677,25.73232445,25.71202206,25.10055401,24.68277965,25.37997207,25.78767872,26.19071544,25.78571088,25.95934267,25.67350939,25.47951325,26.77162578,29.5243227,29.58213632,28.96125652,28.95561695,28.30530589,27.97225664,27.66076339,27.47002611,27.18067775,27.09149333,27.31205124,35.02730376,33.53871074,
Pre-demographic dividend,PRE,Expense (% of GDP),GC.XPN.TOTL.GD.ZS,,,,,,,,,,,,,,,,,,,,,,,,,,,,,,,,,,,,,,,,,,,,,,,,,,,,,,,,,,,,,,,
Small states,SST,Expense (% of GDP),GC.XPN.TOTL.GD.ZS,,,,,,,,,,,,,,,,,,,,,,,,,,,,,,,,,,,,,,,,,,,,,,,,,,,,,,,,,,,,,,,
South Asia,SAS,Expense (% of GDP),GC.XPN.TOTL.GD.ZS,,,,,,,,,,,,,,,8.732911915,10.11237211,10.62936619,10.5053165,11.2699439,12.31444775,11.70247812,11.37603387,11.96334341,12.07989122,13.1462003,14.38548928,15.34055076,15.76721892,15.52526356,15.97622228,15.82134253,15.71336415,15.44423976,15.42919756,14.96168798,14.681061,14.48892972,15.40890846,15.15545322,15.45887164,15.40103784,15.20823994,15.62780221,15.12150478,14.71607463,14.80120174,14.90586693,14.98598292,16.97439896,16.68859718,16.21342134,14.54130117,15.81697711,16.17318085,14.60836835,14.88345175,14.93434228,15.18813367,15.0460138,,,,
South Asia (IDA & IBRD),TSA,Expense (% of GDP),GC.XPN.TOTL.GD.ZS,,,,,,,,,,,,,,,8.732911915,10.11237211,10.62936619,10.5053165,11.2699439,12.31444775,11.70247812,11.37603387,11.96334341,12.07989122,13.1462003,14.38548928,15.34055076,15.76721892,15.52526356,15.97622228,15.82134253,15.71336415,15.44423976,15.42919756,14.96168798,14.681061,14.48892972,15.40890846,15.15545322,15.45887164,15.40103784,15.20823994,15.62780221,15.12150478,14.71607463,14.80120174,14.90586693,14.98598292,16.97439896,16.68859718,16.21342134,14.54130117,15.81697711,16.17318085,14.60836835,14.88345175,14.93434228,15.18813367,15.0460138,,,,
Sub-Saharan Africa,SSF,Expense (% of GDP),GC.XPN.TOTL.GD.ZS,,,,,,,,,,,,,,,,,,,,,,,,,,,,,,,,,,,,,,,,,,,,,,,,,,,,,,,,,,,,,,,
Sub-Saharan Africa (excluding high income),SSA,Expense (% of GDP),GC.XPN.TOTL.GD.ZS,,,,,,,,,,,,,,,,,,,,,,,,,,,,,,,,,,,,,,,,,,,,,,,,,,,,,,,,,,,,,,,
Sub-Saharan Africa (IDA & IBRD countries),TSS,Expense (% of GDP),GC.XPN.TOTL.GD.ZS,,,,,,,,,,,,,,,,,,,,,,,,,,,,,,,,,,,,,,,,,,,,,,,,,,,,,,,,,,,,,,,
Upper middle income,UMC,Expense (% of GDP),GC.XPN.TOTL.GD.ZS,,,,,,,,,,,,,,,,,,,,,,,,,,,,,,,,,,,,,,,,,,,,,,,,,,,,,,,,,,,,,,,
World,WLD,Expense (% of GDP),GC.XPN.TOTL.GD.ZS,,,,,,,,,,,,,,,,,,,,,,,,,,,,,,,23.63720995,,,,25.1484348,25.68800585,25.32171424,24.49367915,24.36191944,23.84456283,23.70805414,24.75520845,24.99581171,25.25073673,24.75930309,25.114116,24.8927337,24.7734007,25.93056079,28.58499761,28.46012553,27.5434997,27.60796424,27.21877612,26.97459414,26.95685165,26.79002895,26.4106451,26.28724157,26.92063819,33.6366567,31.97050208,
Afghanistan,AFG,Expense (% of GDP),GC.XPN.TOTL.GD.ZS,,,,,,,,,,,,,,,,,,,,,,,,,,,,,,,,,,,,,,,,,,,,,,,20.57817377,24.24325882,50.71929787,44.31783924,50.8630046,59.48477588,42.32925145,42.09368445,44.58929949,37.02256957,43.92276561,39.22010998,,,,,
Albania,ALB,Expense (% of GDP),GC.XPN.TOTL.GD.ZS,,,,,,,,,,,,,,,,,,,,,,,,,,,,,,,,,,,,25.89095601,21.07820307,25.58272024,30.0333025,,,,24.83187811,22.90137634,22.79392199,,,,,,,23.01110698,23.00759072,24.16077295,24.38266544,24.44617575,23.95672943,23.86758762,23.26681445,23.15065465,24.73256375,24.53633312,
Algeria,DZA,Expense (% of GDP),GC.XPN.TOTL.GD.ZS,,,,,,,,,,,,,,,,,,,,,,,,,,,,,,,,,,,,,,,,,,,,,,,,,,,,,,,,,,,,,,,
American Samoa,ASM,Expense (% of GDP),GC.XPN.TOTL.GD.ZS,,,,,,,,,,,,,,,,,,,,,,,,,,,,,,,,,,,,,,,,,,,,,,,,,,,,,,,,,,,,,,,
Andorra,AND,Expense (% of GDP),GC.XPN.TOTL.GD.ZS,,,,,,,,,,,,,,,,,,,,,,,,,,,,,,,,,,,,,,,,,,,,,,,,,,,,,,,,,,,,,,,
Angola,AGO,Expense (% of GDP),GC.XPN.TOTL.GD.ZS,,,,,,,,,,,,,,,,,,,,,,,,,,,,,,,,,,,,,,,,19.652446,21.83001941,29.01577564,21.12295889,25.9032763,16.14544024,20.82556468,19.03264365,20.82301724,22.38553333,25.50050284,25.64917574,26.67132149,23.44983006,28.20923737,27.96735936,20.81883162,17.51166398,16.67113723,15.6076581,16.68495221,,,
Antigua and Barbuda,ATG,Expense (% of GDP),GC.XPN.TOTL.GD.ZS,,,,,,,,,,,,,,,,,,,,,,,,,,,,,,,,,,,,,,,,,,,,,,,,,,,,,,,,,,,,,,,
Argentina,ARG,Expense (% of GDP),GC.XPN.TOTL.GD.ZS,,,,,,,,,,,,,,,,,,,,,,,,,,,,,,,10.32544045,11.20554093,11.80110992,14.28185612,14.90079242,15.51123069,15.16554764,15.01422186,15.09880054,16.7436857,16.83288838,16.9923529,19.67717064,19.83730299,16.87634164,,,,,,,,,,24.56978086,25.00839323,26.17991648,24.28253204,22.68778062,22.03648093,25.84053076,22.83397629,
Armenia,ARM,Expense (% of GDP),GC.XPN.TOTL.GD.ZS,,,,,,,,,,,,,,,,,,,,,,,,,,,,,,,,,,,,,,,,,,,,,16.95599885,18.14644052,17.1482193,17.04242538,21.13968517,23.86191799,22.99736235,22.56801632,21.37364216,22.6371818,23.98755805,25.07798135,25.71151816,22.62972499,22.07681376,21.75848057,26.58128778,24.9685295,
Aruba,ABW,Expense (% of GDP),GC.XPN.TOTL.GD.ZS,,,,,,,,,,,,,,,,,,,,,,,,,,,,,,,,,,,,,,,,,,,,,,,,,,,,,,,,,,,,,,,
Australia,AUS,Expense (% of GDP),GC.XPN.TOTL.GD.ZS,,,,,,,,,,,,,18.05957752,18.46246487,18.14386535,21.27429654,23.64783798,23.620885,24.50170382,23.70169514,23.36493032,23.56095512,23.29335767,25.57493717,26.47248767,26.42434022,26.12710692,25.69381148,24.19740458,22.18423732,21.81618256,23.16617749,24.43706278,24.96932833,25.09242174,25.38590611,24.56325418,23.80552038,21.32713326,24.50197569,24.02885884,26.1781844,26.35706977,25.70463748,25.60569571,25.5544918,24.89913314,24.44705025,24.32256243,26.46663617,26.7037775,25.99490643,26.11703219,25.87715333,26.25169173,26.75485757,26.96746589,26.6077557,26.19407241,26.13994981,30.21045068,32.58488555,27.62683003
Austria,AUT,Expense (% of GDP),GC.XPN.TOTL.GD.ZS,,,,,,,,,,,,,25.91540236,27.61209086,27.90387549,31.10847724,31.61915691,31.41366145,33.8517494,33.32242332,33.47394154,34.56544371,34.99663509,35.41600129,35.70513024,35.57299535,36.27470207,36.85558376,37.16994187,35.75346368,35.59127017,36.04260989,36.69714892,38.75647183,38.67491633,48.71840155,48.73865514,47.52280264,47.25099659,47.10873523,46.26378844,46.61558223,45.97290619,46.03612849,48.60700877,45.91237872,45.18809616,43.97791491,44.57424382,47.84835318,46.42680971,45.50768704,46.14504855,46.62162229,47.50118769,46.268451,44.99678489,44.32988711,43.72471037,43.55551905,50.57465117,50.0833898,
Azerbaijan,AZE,Expense (% of GDP),GC.XPN.TOTL.GD.ZS,,,,,,,,,,,,,,,,,,,,,,,,,,,,,,,,,,,34.19765145,19.82696598,15.80794115,16.22137226,18.76784863,19.00954147,,,,,,,,,18.50776835,23.07880286,20.87248322,18.47836105,22.18538389,20.92554398,22.10098942,24.78870908,27.19593812,27.95873058,21.4022624,24.28433798,33.93147657,27.1444135,
"Bahamas, The",BHS,Expense (% of GDP),GC.XPN.TOTL.GD.ZS,,,,,,,,,,,,,,,,,,,,,,,,,,,,,,,16.61086545,17.46293987,18.08298488,17.43208279,17.13715864,17.36949548,18.25713494,11.23879565,10.70954835,10.32943035,10.25943265,10.42339168,10.38940859,11.26256893,11.27845712,11.35769911,11.66354717,11.86754238,12.77773133,14.24334499,15.3934155,16.55929666,16.35497072,16.37461386,16.03300586,16.29570631,18.08513034,20.05009855,17.61199184,18.78278083,27.45355855,25.75324888,24.05468353
Bahrain,BHR,Expense (% of GDP),GC.XPN.TOTL.GD.ZS,,,,,,,,,,,,,,,,,,,,,21.38848113,21.99555181,26.40064196,29.65679294,29.02281239,30.63141796,36.50779821,27.5050986,27.35435673,27.74833069,27.11896378,25.33848015,26.71294223,26.69155628,26.04375532,24.28844341,22.97432868,23.49516091,24.86344673,24.98895461,20.74450134,21.7389372,24.13255858,21.80047213,20.1761163,,,,,,,,,,,,,,,,,,
Bangladesh,BGD,Expense (% of GDP),GC.XPN.TOTL.GD.ZS,,,,,,,,,,,,,,,,,,,,,,,,,,,,,,,,,,,,,,,,,,7.852792471,7.887123728,7.836050278,7.604976598,8.14262834,8.334937302,8.662793141,9.428781171,9.871583603,9.266251067,9.843884578,9.638538733,9.507119611,9.504436491,9.00588487,7.862768135,7.639874039,7.49414587,8.272315036,8.148320246,8.324251342,
Barbados,BRB,Expense (% of GDP),GC.XPN.TOTL.GD.ZS,,,,,,,,,,,,,,,,,,,,,,,,,,,,,,,,,,,,,,,,,,,,26.98426546,25.79474525,28.10381316,26.89646536,29.25723749,30.8969269,33.98897682,34.3437725,32.27979303,35.48794543,35.45341499,33.37171678,35.14969806,33.73176295,,,,,,
Belarus,BLR,Expense (% of GDP),GC.XPN.TOTL.GD.ZS,,,,,,,,,,,,,,,,,,,,,,,,,,,,,,,,,31.63043478,36.36548223,29.94098803,28.74171149,27.72345561,27.21440449,25.90434388,27.05876677,25.3401651,26.8710549,24.67838383,28.212817,29.26987626,30.25076267,32.41348478,34.65778225,33.95036114,31.77383626,30.20748043,25.44929942,27.62242276,28.25469648,27.41049205,28.1104398,29.4170538,29.32166086,28.16371144,28.58836922,29.92813968,27.8747723,
Belgium,BEL,Expense (% of GDP),GC.XPN.TOTL.GD.ZS,,,,,,,,,,,,,,,,,,,,,,,,,,,,,,,,,,,,45.57281113,45.93762294,44.69738043,44.42120712,43.81282304,42.63485251,43.03718503,41.44360652,42.55644199,40.89893629,43.53091367,40.59341568,40.29353449,42.10135181,44.39872336,43.57957163,44.84110075,45.91315796,45.54207392,45.17198743,41.59458068,41.00677238,39.95552411,39.89309441,39.43843458,44.02724094,41.25477231,
Belize,BLZ,Expense (% of GDP),GC.XPN.TOTL.GD.ZS,,,,,,,,,,,,,,,,,,,,,,,,,,,,,,,12.58323541,12.67026542,13.60734938,14.73096476,15.92536583,14.16309698,14.14333337,14.51115428,14.2948456,14.6077395,13.1028521,14.4710172,14.20234225,16.26664498,19.29297985,18.68761746,19.59162728,18.01659156,18.29877903,19.89383301,19.83312583,20.04316575,18.49357262,18.98882807,19.55937856,20.60159529,21.2621657,22.33749349,,,,,
Benin,BEN,Expense (% of GDP),GC.XPN.TOTL.GD.ZS,,,,,,,,,,,,,,,,,,,,,,,,,,,,,,,,,,,,,,,,,,,,,,,,,,,,,,,,,,,,,,,
Bermuda,BMU,Expense (% of GDP),GC.XPN.TOTL.GD.ZS,,,,,,,,,,,,,,,,,,,,,,,,,,,,,,,,,,,,,,,,,,,,,,,,,,,,,,,,,,,,,,,
Bhutan,BTN,Expense (% of GDP),GC.XPN.TOTL.GD.ZS,,,,,,,,,,,,,,,,,,,,,,,15.92728882,14.47672143,16.84747331,21.85991446,17.52494584,,22.10526576,21.3313653,21.42391379,20.44510904,18.99815954,18.45971178,20.35232678,21.03129125,24.33697373,20.38763607,17.83801641,18.98849631,19.85015666,20.83711567,19.06546055,19.09721566,17.48756074,20.29932812,19.79952803,18.82129411,23.12513948,23.86799608,22.22968872,22.38936996,20.92243699,20.6252335,18.65762649,19.55808996,19.23379218,17.62035701,19.38750303,16.63073905,24.07616025,,
Bolivia,BOL,Expense (% of GDP),GC.XPN.TOTL.GD.ZS,,,,,,,,,,,,,,,,,,,,,,,,,,,11.97145433,12.16757962,11.67923727,13.06453712,14.19206572,14.52844115,17.56200121,20.37739178,18.97610045,17.70680035,18.83226288,19.68885401,19.67629728,20.50412027,20.55364901,24.24491693,28.78443546,28.20763789,27.21119872,25.98315306,23.93803925,21.81104336,,,,,,,,,,,,,,,
Bosnia and Herzegovina,BIH,Expense (% of GDP),GC.XPN.TOTL.GD.ZS,,,,,,,,,,,,,,,,,,,,,,,,,,,,,,,,,,,,,,,,,,,,,,32.61727346,33.99303419,36.07361322,37.83100134,39.82454788,39.16334613,38.11861795,39.03266972,37.36555806,39.94627298,36.4782077,34.90102361,33.88992529,34.49934747,34.05216892,38.36146594,34.89301807,33.50674569
Botswana,BWA,Expense (% of GDP),GC.XPN.TOTL.GD.ZS,,,,,,,,,,,,,,,,,,,,,,,,,,,,,,,26.68160259,27.84054198,30.49874827,32.627981,29.0775366,30.62405637,28.96263706,,,,,,,,,,29.33337406,31.14923311,35.75121467,39.17516129,33.51560763,29.78676055,31.52007898,29.48597481,29.13240487,31.24309418,26.78113923,28.15498424,29.06441565,28.80054499,33.85871112,28.40931669,
Brazil,BRA,Expense (% of GDP),GC.XPN.TOTL.GD.ZS,,,,,,,,,,,,,,,,,,,,,,,,,,,,,,,,,,,,,,,,,,,,,,,,,,,30.70145308,31.30647345,30.79409896,30.83633765,32.06939945,36.92441983,36.49160113,36.24765387,35.45399989,34.78745284,38.48116103,32.19909411,34.70028545
British Virgin Islands,VGB,Expense (% of GDP),GC.XPN.TOTL.GD.ZS,,,,,,,,,,,,,,,,,,,,,,,,,,,,,,,,,,,,,,,,,,,,,,,,,,,,,,,,,,,,,,,
Brunei Darussalam,BRN,Expense (% of GDP),GC.XPN.TOTL.GD.ZS,,,,,,,,,,,,,,,,,,,,,,,,,,,,,,,,,,,,,,,,,,,,,,,,,,,,,,,,,,,,,,,
Bulgaria,BGR,Expense (% of GDP),GC.XPN.TOTL.GD.ZS,,,,,,,,,,,,,,,,,,,,,,,,,,,,,,,53.51548559,39.37288136,39.54880478,43.68350619,43.71518265,,,,,,,,,,,31.47271937,29.64605048,32.82545408,31.84471618,33.85870316,31.65148478,29.86993271,30.9398645,32.95088765,37.99990203,34.34870484,32.09212379,32.05380986,33.09646123,33.06146541,36.68527295,36.37843221,
Burkina Faso,BFA,Expense (% of GDP),GC.XPN.TOTL.GD.ZS,,,,,,,,,,,,,,,,,,,,,,,,,,,,,,,,,,,,,,,,,,,9.943939225,9.306384708,10.17953258,10.20433698,11.27531255,12.31298231,10.76150606,11.22878317,10.59459686,11.03589578,12.92144575,12.33366499,12.87873518,13.19749344,14.70982126,18.48979056,17.37074183,18.21742884,17.1792424,18.23115257,
Burundi,BDI,Expense (% of GDP),GC.XPN.TOTL.GD.ZS,,,,,,,,,,,,,,,,,,,,,,13.67093891,,,,,,,,,,23.02570104,27.69193313,28.25405902,25.18301693,23.62755937,22.71569745,,22.07828586,20.64762846,,,,,,,,,,,,,,,,,,,,,,,
Cabo Verde,CPV,Expense (% of GDP),GC.XPN.TOTL.GD.ZS,,,,,,,,,,,,,,,,,,,,,,,,,,,,,,,,,,,,,,,,,,,,,,30.24272087,29.6098116,22.77373154,20.92481384,23.18410497,23.33919975,23.87959577,22.87493513,22.80728494,24.13129312,25.97714499,25.30329412,25.19398661,,,,,
Cambodia,KHM,Expense (% of GDP),GC.XPN.TOTL.GD.ZS,,,,,,,,,,,,,,,,,,,,,,,,,,,,,,,,,,,,,,,,,,,9.380586833,9.291034525,8.180013294,7.59087661,8.586952614,8.201153409,8.560116551,10.96570378,10.63276755,11.0514137,10.57334219,11.86137117,12.45269467,12.04554635,12.98964206,14.29444971,14.52011251,15.77694328,17.41062694,18.44799432,
Cameroon,CMR,Expense (% of GDP),GC.XPN.TOTL.GD.ZS,,,,,,,,,,,,,,,,,,,,,,,,,,,,,,,14.55678835,15.80893336,14.92942781,9.899861323,9.062694796,8.868303699,,,10.12098266,10.40393868,,,,,,,,,,,,,12.75274736,12.93540897,12.86031482,12.42131877,11.90005313,10.52723731,11.36738251,12.32292075,12.06029395,12.4278936,
Canada,CAN,Expense (% of GDP),GC.XPN.TOTL.GD.ZS,,,,,,,,,,,,,,,,,,,,,,,,,,,,,,,24.1003248,25.36632216,25.53379842,25.13503347,23.74907194,23.43038475,22.34512708,20.37104626,20.17438937,19.75609103,18.77451827,18.71100491,17.96308413,18.03733357,17.26591721,17.82398793,17.02769125,16.96278032,17.08335345,18.85417104,19.08470714,17.850268,17.51751993,17.08488216,16.40204983,17.05977868,17.49860407,17.60659541,17.54090045,18.10570968,28.57147361,22.66563851,18.49653555
Cayman Islands,CYM,Expense (% of GDP),GC.XPN.TOTL.GD.ZS,,,,,,,,,,,,,,,,,,,,,,,,,,,,,,,,,,,,,,,,,,,,,,,,,,,,,,,,,,,,,,,
Central African Republic,CAF,Expense (% of GDP),GC.XPN.TOTL.GD.ZS,,,,,,,,,,,,,,,,,,,,,,,,,,,,,,,,,,,,,,,,,,,,,9.661628513,,,,11.00607294,15.86417939,16.33666477,13.46409037,8.184471906,,8.271974001,9.306558442,9.021345527,8.676798601,10.12335334,9.939339098,13.97330661,11.66138983,
Chad,TCD,Expense (% of GDP),GC.XPN.TOTL.GD.ZS,,,,,,,,,,,,,,,,,,,,,,,,,,,,,,,,,,,,,,,,,,,,,,,,,,,,,,,,,,,,,,,
Channel Islands,CHI,Expense (% of GDP),GC.XPN.TOTL.GD.ZS,,,,,,,,,,,,,,,,,,,,,,,,,,,,,,,,,,,,,,,,,,,,,,,,,,,,,,,,,,,,,,,
Chile,CHL,Expense (% of GDP),GC.XPN.TOTL.GD.ZS,,,,,,,,,,,,,32.44654229,26.54552396,24.03864265,27.70868627,25.66646022,27.21099977,26.95947559,24.13358352,24.20896586,25.45239288,30.72887091,29.06825168,29.7165247,25.73844036,24.03797315,21.09005851,19.25058831,17.70936194,16.8206083,17.12810939,16.59373675,16.59825824,15.98163956,15.12415692,15.7384446,15.86497447,17.22639417,18.71400385,20.1386805,20.05712306,20.09262508,19.3366627,18.20831091,17.21097499,15.88672696,16.04140477,18.41113242,21.31146817,20.20818345,19.49450957,19.92485452,20.1963012,20.67525226,21.63481488,22.12686348,22.34725647,22.61798701,23.2889352,26.21989555,30.69503843,
China,CHN,Expense (% of GDP),GC.XPN.TOTL.GD.ZS,,,,,,,,,,,,,,,,,,,,,,,,,,,,,,,,,,,,,,,,,,,,,,,,,,,,,,,,,,,,,,,
Colombia,COL,Expense (% of GDP),GC.XPN.TOTL.GD.ZS,,,,,,,,,,,,,,,,,,,,,,,,,,,,,,,,,,,,,,,19.31660667,22.12019435,16.93314287,,,27.62228172,,,,,24.5684126,24.73007213,25.40438426,24.22474028,25.0329863,33.28519314,30.16259177,26.81567706,28.6308351,27.50496391,29.97179072,31.30470656,36.58110194,35.66498407,32.89510794
Comoros,COM,Expense (% of GDP),GC.XPN.TOTL.GD.ZS,,,,,,,,,,,,,,,,,,,,,,,,,,,,,,,,,,,,,,,,,,,,,,,,,,,,,,,,,,,,,,,
"Congo, Dem. Rep.",COD,Expense (% of GDP),GC.XPN.TOTL.GD.ZS,,,,,,,,,,,,,12.12403324,11.59018926,13.64370814,11.93236239,13.17357582,10.16740773,10.04551975,9.857153552,10.22211172,11.37277726,11.01936479,,,,,,17.7438266,11.49831377,,,,,,,,,,,,,,,,,,,,,,,,,,,,,,,,,
"Congo, Rep.",COG,Expense (% of GDP),GC.XPN.TOTL.GD.ZS,,,,,,,,,,,,,,,,,,,,,,,,,,,,,,,,,,,,,,,,,,21.51052092,26.79937289,19.5450881,28.67154346,21.45222622,17.76241891,18.47337749,15.30373258,13.87947089,10.75903458,10.17665001,11.65466699,10.87695363,12.7647551,14.89587147,16.51873464,16.03966164,16.42202443,16.22710869,17.79500034,,
Costa Rica,CRI,Expense (% of GDP),GC.XPN.TOTL.GD.ZS,,,,,,,,,,,,,,15.54750831,15.05784798,16.30505943,16.34777225,16.1408549,20.53394925,21.28127096,21.59133407,18.09021274,16.62477154,20.97220719,20.0232009,19.50790169,24.25588847,25.56114678,23.21420198,24.35956645,24.24988223,18.41800428,17.7816496,19.36344696,23.00190167,21.54132385,22.49141495,21.39456423,21.06179097,22.12369714,22.03412292,22.7586749,24.59491651,23.62189843,22.52538601,22.64636281,21.60123033,21.16080786,21.66893939,24.74499251,25.61362833,25.37852071,25.94468316,26.51773958,26.73585811,28.55489407,27.14673342,25.39672837,28.91922483,29.63822635,32.25344489,30.06222766,
Cote d'Ivoire,CIV,Expense (% of GDP),GC.XPN.TOTL.GD.ZS,,,,,,,,,,,,,,,,,,,,,,,,,,,,,,,,,,,,,,,,,,8.294120536,9.082615197,10.31902592,10.10725848,10.52812941,9.752675212,10.66139804,11.01987893,10.47867653,10.6252444,9.6098391,11.32156047,9.930601641,9.216327497,13.45459122,13.4001933,14.94720599,14.73704178,13.73731469,16.04354444,16.60166966,
Croatia,HRV,Expense (% of GDP),GC.XPN.TOTL.GD.ZS,,,,,,,,,,,,,,,,,,,,,,,,,,,,,,,,,,,,50.23457368,49.52903594,46.52706869,46.38480013,48.48965527,47.40521444,43.46098266,42.54558332,39.91394148,40.04384242,37.73223722,36.95912261,36.57069519,37.4027419,41.46952447,41.97690599,42.10569867,41.71359425,41.37608721,41.94380475,41.3595876,40.43761704,39.44352178,38.81776637,38.19295915,45.13270511,41.05687071,
Cuba,CUB,Expense (% of GDP),GC.XPN.TOTL.GD.ZS,,,,,,,,,,,,,,,,,,,,,,,,,,,,,,,,,,,,,,,,,,,,,,,,,,,,,,,,,,,,,,,
Curacao,CUW,Expense (% of GDP),GC.XPN.TOTL.GD.ZS,,,,,,,,,,,,,,,,,,,,,,,,,,,,,,,,,,,,,,,,,,,,,,,,,,,,,,,,,,,,,,,
Cyprus,CYP,Expense (% of GDP),GC.XPN.TOTL.GD.ZS,,,,,,,,,,,,,,,,30.21400575,25.88200156,23.34436206,23.74333745,22.50079365,24.51006136,25.72945141,26.7528542,30.54279868,26.65619705,27.20010641,25.26953632,27.37332961,27.70279005,27.4752965,50.40163665,51.9479482,50.69858638,50.18478707,50.97395482,46.70536396,48.68749225,51.03295343,54.5445715,53.63586113,54.30604693,55.66888255,58.11269581,63.57929873,61.12223098,63.21763985,62.30301359,60.97039877,62.36938826,39.02547579,39.0742409,40.20798228,41.36202992,42.43797724,48.98692559,39.36649598,36.12120655,34.93010365,38.74581853,36.37097683,42.11277118,39.72083989,
Czechia,CZE,Expense (% of GDP),GC.XPN.TOTL.GD.ZS,,,,,,,,,,,,,,,,,,,,,,,,,,,,,,,,,,30.99459616,30.48328145,47.26493542,37.50592454,35.08293151,35.96264346,34.81375581,33.58838766,36.68308567,37.00920333,38.28508507,34.63531357,33.47862385,32.60282632,32.35668668,32.08026001,35.04036092,34.98733993,34.9337805,36.60888275,34.7340248,34.47120715,33.25829802,32.83553682,31.80739082,32.21079253,32.5785833,38.42830021,38.05041222,
Denmark,DNK,Expense (% of GDP),GC.XPN.TOTL.GD.ZS,,,,,,,,,,,,,29.07857252,26.8115542,30.16985776,31.02452972,29.9757364,30.45150692,31.36830331,32.87008433,35.97945705,38.04910391,39.15182149,39.65946177,39.16264122,37.47827868,35.13599518,34.989629,36.51272038,36.83722936,37.00395688,36.59039198,37.57569567,40.2883842,40.70759135,42.32420495,40.99028407,39.32941638,38.97561968,38.1758421,36.79341075,36.62547558,36.63848935,37.08143659,36.81213189,34.89984392,33.22874771,36.06675082,36.76098033,41.94240592,42.2686056,42.38630471,43.52369493,41.41376955,40.91077743,40.44420085,38.38361541,37.02215267,36.80224648,35.95319075,39.74653246,37.12164401,
Djibouti,DJI,Expense (% of GDP),GC.XPN.TOTL.GD.ZS,,,,,,,,,,,,,,,,,,,,,,,,,,,,,,,,,,,,,,,,,,,,,,,,,,,,,,,,,,,,,,,
Dominica,DMA,Expense (% of GDP),GC.XPN.TOTL.GD.ZS,,,,,,,,,,,,,,,,,,,,,,,,,,,,,,,,,,,,,,,,,,,,,,,,,,,,,,,,,,,,,,,
Dominican Republic,DOM,Expense (% of GDP),GC.XPN.TOTL.GD.ZS,,,,,,,,,,,,,11.36157794,10.67468441,11.27251598,9.36319182,10.39099076,,10.84614735,14.83596421,13.80060048,12.65126367,10.99136367,11.36802377,9.981887183,10.70386835,11.26727294,8.47854809,9.451302111,8.487014366,6.896087863,5.560820698,7.017847104,8.555098025,7.976808081,7.717481484,8.0824541,10.23908933,10.19554461,10.74574559,10.98758552,12.16971088,12.41007011,10.71209259,13.33171985,13.59536723,13.75977724,13.58623375,15.3966764,15.09453446,14.20876704,14.01591429,15.83492098,15.45333876,15.64190471,15.20549755,16.14900374,16.01948164,15.70455214,15.86404817,21.39755982,17.80612535,
Ecuador,ECU,Expense (% of GDP),GC.XPN.TOTL.GD.ZS,,,,,,,,,,,,,,,,,,,,,,,,,,,,,,,,,,,,,,,,,,,,,,,,,,,,,,34.03878168,33.65169594,33.36172805,34.26002441,31.57113448,33.69900632,32.98985777,32.86526986,32.23086661,30.72327905
"Egypt, Arab Rep.",EGY,Expense (% of GDP),GC.XPN.TOTL.GD.ZS,,,,,,,,,,,,,,,,50.76696943,43.74608478,42.43657048,37.44191283,38.947552,,42.82478771,46.36622729,37.80451128,37.95253165,35.81233244,35.20181406,30.14951456,32.15097403,27.22857143,24.11377871,27.31288889,34.94392523,31.48453608,31,28.125,26.94812554,24.23204212,,,,,27.24835049,27.33245509,26.89037709,27.38885794,32.76367169,29.33523093,30.31820436,30.07712531,28.86025195,29.1899278,28.68949663,32.20173081,32.92062911,30.23036949,,,,,,,
El Salvador,SLV,Expense (% of GDP),GC.XPN.TOTL.GD.ZS,,,,,,,,,,,,,,,,,,,,,,,,,,,,,,,,,,,,,,,11.99167582,14.23610382,15.02003275,22.97001654,20.22237458,17.34459904,19.61775663,20.47557491,22.52952989,20.54227225,22.75157073,25.85330214,24.14581156,24.88987262,22.9022054,22.99581282,22.76971752,22.76329409,23.20790377,24.8439899,24.72709385,24.7593666,33.93250242,29.09860502,
Equatorial Guinea,GNQ,Expense (% of GDP),GC.XPN.TOTL.GD.ZS,,,,,,,,,,,,,,,,,,,,,,,,,,,,,,,,,,,,,,,,,,,,,,,3.686132314,3.426024797,4.158938828,4.865684064,5.623251039,4.973676679,7.133814883,8.042606114,7.092118114,9.943302762,10.2457381,9.902142683,10.32139292,11.41039614,12.25352792,10.45276688,
Eritrea,ERI,Expense (% of GDP),GC.XPN.TOTL.GD.ZS,,,,,,,,,,,,,,,,,,,,,,,,,,,,,,,,,,,,,,,,,,,,,,,,,,,,,,,,,,,,,,,
Estonia,EST,Expense (% of GDP),GC.XPN.TOTL.GD.ZS,,,,,,,,,,,,,,,,,,,,,,,,,,,,,,,,,,,,37.16053533,35.93507556,33.7743128,35.58914923,37.0656562,33.35577468,31.31785302,30.75072419,30.74415633,30.61020251,30.01868068,29.60513467,29.22750064,34.29581208,40.74340978,37.87911936,34.71014656,34.11848243,34.22544512,33.88628999,36.15466589,36.29406228,35.05175505,35.62524024,36.11597089,41.09232622,37.72056867,
Eswatini,SWZ,Expense (% of GDP),GC.XPN.TOTL.GD.ZS,,,,,,,,,,,,,,,,,,,,,,,,,,,,,,,,,,,,,,,,,,,,,,,,,,,,,,,,,,,,,,,
Ethiopia,ETH,Expense (% of GDP),GC.XPN.TOTL.GD.ZS,,,,,,,,,,,,,,,,,,,,,,,,,,,,,,,16.08524824,13.27510748,11.39437578,10.46705828,12.43934556,11.86534759,11.09548648,12.3955205,16.0038959,18.15917265,,14.51271891,17.24556187,15.76337329,16.16704923,14.8516589,9.515827033,7.693193532,12.87806064,12.15311671,12.50319755,10.58393132,8.466379845,10.21191395,9.552433677,10.37763701,10.08929654,11.23250356,10.81747539,9.705413377,8.412269292,,
Faroe Islands,FRO,Expense (% of GDP),GC.XPN.TOTL.GD.ZS,,,,,,,,,,,,,,,,,,,,,,,,,,,,,,,,,,,,,,,,,,,,,,,,,,,,,,,,,,,,,,,
Fiji,FJI,Expense (% of GDP),GC.XPN.TOTL.GD.ZS,,,,,,,,,,,,,,,,,,,,,,,,,,,,,,,23.95656566,23.57884427,24.20067732,27.57661051,26.97616999,26.76350644,26.96973755,,,,,,,,25.10004048,24.71111111,26.52943656,23.13035698,21.44220738,23.87927915,23.83504581,22.24362075,22.99444917,24.3834618,25.48091457,26.32301006,25.32754922,25.37029329,28.02558673,26.95987809,30.50380011,34.55921819,
Finland,FIN,Expense (% of GDP),GC.XPN.TOTL.GD.ZS,,,,,,,,,,,,,20.65810537,19.87229026,21.08914511,24.70976536,25.38379186,26.18294756,26.16796448,25.99392812,25.37485432,25.82354251,27.05199632,28.08321354,27.00382058,27.81273019,28.24960527,28.72179664,27.60261062,26.88018678,28.15533084,34.43343882,39.12647649,41.90314236,40.4307844,48.62961572,44.90463642,40.3196549,37.55001079,36.49894418,33.90671494,33.25635423,34.31906038,34.89578185,34.59416218,34.68458348,34.27936864,32.64037376,33.37039611,38.22346449,38.38303843,37.88321094,38.89731741,40.0898586,40.55254547,40.42434421,39.58431026,37.89731375,37.40865751,37.01856932,41.25013653,39.84098235,
France,FRA,Expense (% of GDP),GC.XPN.TOTL.GD.ZS,,,,,,,,,,,,,30.00523833,29.34406833,31.09881895,33.56934133,33.76546763,34.13130403,35.09315015,35.49652916,36.464663,38.87265351,39.9314657,40.66950717,41.06892821,41.34915187,40.77179718,40.60925317,39.72614947,38.79104407,38.94913176,40.18927014,41.53388307,43.74644053,43.90251365,47.09992013,47.1372999,47.38235519,45.58652959,45.3891466,44.13290004,44.37432454,45.35154982,45.63565071,45.01597987,45.14135075,44.70433206,44.19515958,44.68268202,48.02100575,49.32403627,47.5857458,48.07192393,48.1193696,48.28941768,47.99197792,47.88192625,47.70799071,46.77320669,46.3024612,51.8676936,49.87690429,
French Polynesia,PYF,Expense (% of GDP),GC.XPN.TOTL.GD.ZS,,,,,,,,,,,,,,,,,,,,,,,,,,,,,,,,,,,,,,,,,,,,,,,,,,,,,,,,,,,,,,,
Gabon,GAB,Expense (% of GDP),GC.XPN.TOTL.GD.ZS,,,,,,,,,,,,,,,,,,,,,,,,,,,,,,,,,,,,,,,,,,,,,,,,,,,,,16.27961828,16.33078188,15.25324533,17.18518723,17.08549952,15.66749478,13.69763627,13.54186761,,,
"Gambia, The",GMB,Expense (% of GDP),GC.XPN.TOTL.GD.ZS,,,,,,,,,,,,,,,,,,,,,,,,,,,,,,,17.16006953,,,,,,,,,,,,,,,,,,,,,,,,,,,,,,,,
Georgia,GEO,Expense (% of GDP),GC.XPN.TOTL.GD.ZS,,,,,,,,,,,,,,,,,,,,,,,,,,,,,,,,,,,,14.20111434,17.43052863,20.07727941,17.11037216,17.0427082,15.07835383,16.05933473,15.41174893,14.58063311,19.75306129,21.75218787,23.42729099,26.13070649,29.53567253,31.31324363,25.43305715,23.70332866,24.86989162,25.07073385,26.74142141,28.1877118,29.24852104,27.2432878,24.12947259,24.59765929,29.31653508,27.53114158,25.14151141
Germany,DEU,Expense (% of GDP),GC.XPN.TOTL.GD.ZS,,,,,,,,,,,,,20.16854346,20.58586749,22.19400995,24.48216321,24.64185655,24.71725144,24.70659432,24.25252817,25.3845443,26.17084344,26.41210388,25.99277473,26.19675689,25.76557725,25.34536591,25.7569388,25.54575207,24.55732629,24.68568704,31.08563501,31.30671069,31.80645272,31.89363505,38.3255129,32.45079058,31.89271601,31.70222694,31.62235127,31.31322039,30.73936498,31.17791567,31.57562275,30.39067058,30.49455712,29.19201872,28.00208037,28.27252414,31.04606805,31.36671346,28.87498329,28.49386772,28.54600103,28.05218229,27.98818973,27.90292018,28.0782392,27.92212037,28.38024703,32.60570022,33.32054348,
Ghana,GHA,Expense (% of GDP),GC.XPN.TOTL.GD.ZS,,,,,,,,,,,,,,,,,,,,,,,,,,,,,,,,,,,,,,,,,,18.71164176,20.02902665,22.02037568,23.47931102,22.74578899,15.28834668,17.86514415,20.54609475,18.02795239,20.15750429,21.14092605,26.88391785,19.28113478,18.20350836,17.36429973,18.28958556,17.35524013,17.60184774,17.51094489,21.88355441,,
Gibraltar,GIB,Expense (% of GDP),GC.XPN.TOTL.GD.ZS,,,,,,,,,,,,,,,,,,,,,,,,,,,,,,,,,,,,,,,,,,,,,,,,,,,,,,,,,,,,,,,
Greece,GRC,Expense (% of GDP),GC.XPN.TOTL.GD.ZS,,,,,,,,,,,,,16.09428041,15.80969035,18.19953431,17.9048159,19.36354275,20.30911568,20.15286505,19.97638399,21.39792174,24.17743272,33.69673615,27.37901125,31.24599373,31.57905758,31.39804061,34.33875509,34.12576536,38.27188246,42.2902883,,,,,42.86315979,42.41403711,42.40961847,42.70709665,41.79275851,42.846844,42.43404388,41.99784604,42.02232512,43.45282603,42.94318769,42.41959738,44.04958391,47.21096569,51.26546398,50.95705266,54.82906746,56.17350182,60.29706415,48.98948958,51.51702996,48.50419764,47.62826196,47.94448331,47.0663841,58.55077789,55.61696559,
Greenland,GRL,Expense (% of GDP),GC.XPN.TOTL.GD.ZS,,,,,,,,,,,,,,,,,,,,,,,,,,,,,,,,,,,,,,,,,,,,,,,,,,,,,,,,,,,,,,,
Grenada,GRD,Expense (% of GDP),GC.XPN.TOTL.GD.ZS,,,,,,,,,,,,,,,,,,,,,,,,,,,,,,,,,,,,,,,,,,,,,,,,,,,,,,,,,,,,,,,
Guam,GUM,Expense (% of GDP),GC.XPN.TOTL.GD.ZS,,,,,,,,,,,,,,,,,,,,,,,,,,,,,,,,,,,,,,,,,,,,,,,,,,,,,,,,,,,,,,,
Guatemala,GTM,Expense (% of GDP),GC.XPN.TOTL.GD.ZS,,,,,,,,,,,,,,,,,,,,,,,,,,,,,,,9.131265078,8.159387531,9.622357563,8.626651413,7.942995558,7.562050349,7.996350284,8.267349957,9.41325711,10.51820438,10.93999551,13.39916061,12.98160949,14.57289228,12.87859126,13.03938308,13.22464977,12.6596651,11.87419514,12.62165573,12.85781092,12.74531113,13.17140048,13.03309622,13.01020139,12.53017259,12.65628723,12.81250909,12.89851403,12.98784219,14.91017052,13.2660847,
Guinea,GIN,Expense (% of GDP),GC.XPN.TOTL.GD.ZS,,,,,,,,,,,,,,,,,,,,,,,,,,,,,,11.12884843,11.51445612,11.29658423,9.433050306,,,,,,,,,,,,,,,,,,,,,,,,,,,,,,
Guinea-Bissau,GNB,Expense (% of GDP),GC.XPN.TOTL.GD.ZS,,,,,,,,,,,,,,,,,,,,,,,,,,,,,,,,,,,,,,,,,,,,,,,,,,,,,,,,,,12.62712582,,14.64656652,,,
Guyana,GUY,Expense (% of GDP),GC.XPN.TOTL.GD.ZS,,,,,,,,,,,,,,,,,,,,,,,,,,,,,,,,,,,,,,,,,,,,,,,,,,,,,,,,,,,,,,,
Haiti,HTI,Expense (% of GDP),GC.XPN.TOTL.GD.ZS,,,,,,,,,,,,,,,,,,,,,,,,,,,,,,,,,,,,,,,,,,,,,,,,,,,,,,,,,,,,,,,
Honduras,HND,Expense (% of GDP),GC.XPN.TOTL.GD.ZS,,,,,,,,,,,,,13.1693657,11.13424719,10.65248913,11.89946619,12.55563845,,,,,,,,,,,,,,,,,,,,,,,,,,,20.90257657,19.54129065,19.88158744,19.90821085,22.42385532,22.04700078,23.60761914,22.74800692,22.50415237,23.49926829,23.89384039,24.24191773,21.97608747,,,,,23.90555279,,
"Hong Kong SAR, China",HKG,Expense (% of GDP),GC.XPN.TOTL.GD.ZS,,,,,,,,,,,,,,,,,,,,,,,,,,,,,,,,,,,,,,,,,,,,,,,,,,,,,,,,,,,,,,,
Hungary,HUN,Expense (% of GDP),GC.XPN.TOTL.GD.ZS,,,,,,,,,,,,,,,,,,,,,,,,,,,,,,,,49.7553615,51.45356669,50.42489994,51.13101474,51.04706036,46.90044866,44.62858365,45.16943319,43.93702074,41.3571337,40.93949489,42.91749176,42.67112549,41.61034794,41.78729899,42.82996026,42.37514266,44.28885799,44.9999276,43.5272422,44.98183172,44.59972953,46.9322912,45.02151291,43.26979194,43.51684023,42.08182411,39.90667827,39.54296974,44.15987433,42.58083314,
Iceland,ISL,Expense (% of GDP),GC.XPN.TOTL.GD.ZS,,,,,,,,,,,,,22.8721172,23.70021249,26.84172888,26.37850097,22.51334706,22.50423605,23.58214882,24.64216041,22.85624887,23.36282212,24.32975332,25.83187219,23.19916167,25.15445723,27.89080431,26.72782414,29.80677341,31.3473376,29.42206086,30.66232148,31.0957946,30.32171968,30.05907471,30.24036831,29.91557064,27.20725106,29.30631869,29.88123605,29.34455354,29.57256739,30.44270333,31.93998099,30.51196483,33.30840014,32.6414473,32.36969753,50.8152764,41.65522591,37.96215176,38.45445824,37.06907142,34.65980353,34.33424356,32.21064469,35.48875659,31.45025466,30.86474435,31.07069713,37.14432053,35.53270536,33.84476879
India,IND,Expense (% of GDP),GC.XPN.TOTL.GD.ZS,,,,,,,,,,,,,,,8.732911915,10.11237211,10.62936619,10.5053165,11.2699439,12.31444775,11.70247812,11.37603387,11.95987282,12.0777927,13.14295968,14.37894512,15.33863824,15.76721892,15.5195025,15.97153364,15.48421708,15.33897953,15.11647596,15.14510813,14.60328653,14.24572561,14.08071054,14.5974823,14.40763023,14.80403806,15.4104026,15.54562552,16.05294821,15.57759372,15.133483,15.17398359,15.18947956,15.25786002,17.22767043,16.85189271,16.50513595,14.4898394,16.1667124,16.63868255,14.80313764,15.12569036,15.27195003,15.61410992,15.66313191,,,,
Indonesia,IDN,Expense (% of GDP),GC.XPN.TOTL.GD.ZS,,,,,,,,,,,,,10.42944785,11.31282021,13.23309675,13.27269132,12.91807561,12.27203627,12.4021806,13.26759385,13.54363559,13.75608492,13.55969721,13.37899742,12.58402753,13.64958911,14.65295053,11.89021679,11.23466625,11.57881074,12.721041,11.23762476,11.71020203,10.7096397,9.98483333,9.711029867,10.36280813,12.91961807,13.4296657,16.32916613,,,15.71344559,16.25792782,16.85393655,,,,18.44856509,15.3672984,14.01209717,15.0246574,15.61346492,15.37501988,15.9053659,14.50131829,14.87298421,14.2990291,14.81909636,14.49468875,16.5400276,15.50921817,
"Iran, Islamic Rep.",IRN,Expense (% of GDP),GC.XPN.TOTL.GD.ZS,,,,,,,,,,,,,20.76383129,18.47283835,33.07316575,34.07115954,29.42119897,27.96256955,29.27783572,25.89646494,27.35572262,27.17882401,22.99977806,20.319046,18.54621404,18.34192029,17.44262829,16.81618347,18.34926262,14.9958626,14.66729963,13.20431735,13.89205573,14.83137226,15.53835602,14.87712263,15.61048414,15.92132021,18.1678412,16.5807734,15.59062572,17.54633525,17.48590516,17.17553163,16.65291382,19.42024319,20.71788339,16.82576981,18.25101032,19.63738608,,,,,,,,,,,,,
Iraq,IRQ,Expense (% of GDP),GC.XPN.TOTL.GD.ZS,,,,,,,,,,,,,,,,,,,,,,,,,,,,,,,,,,,,,,,,,,,,,,,,,,,,,,,25.70901416,27.03093015,26.56002375,25.97498339,24.48342043,27.61213528,,,
Ireland,IRL,Expense (% of GDP),GC.XPN.TOTL.GD.ZS,,,,,,,,,,,,,28.65911814,28.65307829,31.53039972,34.82405095,35.31683943,34.10194912,35.35666851,36.92360792,40.28994766,42.17221112,45.57790159,46.50053191,45.02562242,45.86466716,45.03469795,44.71425366,41.07610806,35.16969227,35.74205541,37.12487828,37.58219799,37.62976583,37.11573145,37.20854607,35.35851524,33.07404163,31.09597026,29.40919174,27.68928797,28.98008959,29.47455128,29.72546652,29.7186782,30.42536038,30.66194407,31.92811125,37.06952329,44.04375909,62.35973577,44.80567156,40.3051613,38.38987383,35.30782666,27.50320379,26.37579542,24.58413014,23.65369988,22.5071541,25.62911105,22.96575868,
Isle of Man,IMN,Expense (% of GDP),GC.XPN.TOTL.GD.ZS,,,,,,,,,,,,,,,,,,,,,,,,,,,,,,,,,,,,,,,,,,,,,,,,,,,,,,,,,,,,,,,
Israel,ISR,Expense (% of GDP),GC.XPN.TOTL.GD.ZS,,,,,,,,,,,,,,,,,,,,,,,,,,,,,,,,,,,,38.83283293,40.02343776,39.52233023,39.28807999,38.80082755,40.7587486,42.94936495,45.81145787,41.37132289,40.07789123,39.39408802,38.36374052,37.00922543,37.58843301,38.13143787,36.70273142,36.21933158,36.36234848,36.19099345,34.88613318,34.38886115,34.41875379,35.53822743,35.73898551,35.10089522,41.63622531,38.37004693,
Italy,ITA,Expense (% of GDP),GC.XPN.TOTL.GD.ZS,,,,,,,,,,,,,,26.62006992,26.58107233,31.03017816,30.00985512,30.16161185,33.88777016,35.73074802,38.57083279,,,,,,46.14674482,46.99083897,42.42000327,43.31060582,43.24296824,44.0799293,47.07960369,48.12942628,45.87712651,48.18368596,47.42374478,45.09449426,41.21021084,41.0038042,39.47981531,40.00669255,39.47220789,39.62419835,38.83650906,39.14141558,39.76011131,39.20958599,40.60134601,44.03020461,42.75211363,41.88989055,43.61296554,43.71064528,43.6451122,43.61729055,43.27194904,42.9082166,42.54667179,42.28411957,50.42480923,47.95822085,
Jamaica,JAM,Expense (% of GDP),GC.XPN.TOTL.GD.ZS,,,,,,,,,,,,,,,,,,,,,,,,,,,,,24.44500187,24.25469548,22.64285617,21.38459527,20.10699711,18.69210592,19.0987612,19.22652121,23.40071792,24.24797743,26.38555254,26.85046563,24.74383103,26.8760882,29.98169757,31.81721364,30.25433599,27.45346292,28.62361067,28.55338145,31.09442721,36.33136377,28.90174567,28.20107591,27.5103722,25.01598585,25.68046185,25.78646954,26.20144034,26.66160077,26.55779472,25.78993782,29.82962049,,
Japan,JPN,Expense (% of GDP),GC.XPN.TOTL.GD.ZS,,,,,,,,,,,,,10.77544585,10.90160957,12.20910552,12.79951524,13.43351935,14.05534495,15.03056887,15.72604653,16.1963699,16.38834459,16.34749647,16.33326608,15.79910881,15.42441978,15.11240187,14.73505986,14.31920611,14.75148493,13.84623422,,,,15.02718352,15.02549301,14.94907873,14.43103005,20.1145616,17.31089009,17.10955764,16.23339921,16.10706021,15.72937768,15.07375601,15.05184073,14.84533332,14.00379431,15.2644121,18.21170069,17.22174681,18.59567887,18.11170475,18.14065091,17.57416477,16.97383224,16.711263,16.1953847,16.07131918,16.42389787,23.59319477,21.61622914,
Jordan,JOR,Expense (% of GDP),GC.XPN.TOTL.GD.ZS,,,,,,,,,,,,,,,,,,,,,,,,,,,,,,,29.68961646,28.95672752,24.6856304,25.89563382,24.92805178,26.13994528,28.8079241,28.41998715,28.51670291,26.7706765,27.11920916,26.98791584,28.33676774,29.4660174,32.13783386,35.64802366,32.75362047,33.88424983,30.46801263,29.21381903,26.24033085,28.84771449,28.87464124,26.23999993,27.48775927,25.71469824,25.85784018,25.55887443,26.29207354,26.24837801,28.16522187,,
Kazakhstan,KAZ,Expense (% of GDP),GC.XPN.TOTL.GD.ZS,,,,,,,,,,,,,,,,,,,,,,,,,,,,,,,,,,,,,,18.74242177,16.64720915,14.18230586,13.72158312,13.56821609,12.69109798,13.88722184,14.07074278,,,,,,16.46783199,15.20707592,15.79604355,14.60898154,15.30891499,15.48714271,16.3309403,19.02613921,14.70504331,16.06421255,16.83286427,17.11651935,
Kenya,KEN,Expense (% of GDP),GC.XPN.TOTL.GD.ZS,,,,,,,,,,,,,,,,,,,,,,,,,,,,,,,,,,,,,,,,,,,,,,,,,,,,,,,20.53749523,20.71507115,22.19097977,25.12850909,23.63517816,18.79831984,19.99414618,20.70629593,
Kiribati,KIR,Expense (% of GDP),GC.XPN.TOTL.GD.ZS,,,,,,,,,,,,,,,,,,,,,,,,,,,,,,,,,,,,,,,,,,,,,,,,,,,,64.30342393,67.85681646,65.80936879,62.20933752,66.06991333,71.01347904,76.14534374,73.33543182,86.80087863,94.51837571,105.4216109,
"Korea, Dem. People's Rep.",PRK,Expense (% of GDP),GC.XPN.TOTL.GD.ZS,,,,,,,,,,,,,,,,,,,,,,,,,,,,,,,,,,,,,,,,,,,,,,,,,,,,,,,,,,,,,,,
"Korea, Rep.",KOR,Expense (% of GDP),GC.XPN.TOTL.GD.ZS,,,,,,,,,,,,,15.48843639,11.30751,12.35926629,13.83777837,14.56525344,13.62309962,13.59995229,14.65019458,15.01066077,14.8802693,15.91471653,14.16713548,13.69998969,13.89202505,13.24260238,12.65676126,12.21962167,13.10902535,13.25962498,13.1804087,13.41928826,13.11879861,13.18788467,13.05067773,13.2500521,13.05106367,15.2745201,14.84593755,15.39092058,16.33076387,15.4395316,17.30112639,17.16883673,17.81946755,18.55190152,18.02111723,18.31723147,19.30228795,17.62712549,18.13577497,24.63344155,24.03260993,23.61889445,23.48942943,23.50454887,23.96287327,24.9180358,27.51245135,29.72592853,30.49121438,
Kosovo,XKX,Expense (% of GDP),GC.XPN.TOTL.GD.ZS,,,,,,,,,,,,,,,,,,,,,,,,,,,,,,,,,,,,,,,,,,,,,,,,,,,,,,,,,,,,,,,
Kuwait,KWT,Expense (% of GDP),GC.XPN.TOTL.GD.ZS,,,,,,,,,,,,,20.69672131,22.94121314,19.40729136,,,24.41191656,24.50578055,16.33088735,18.86061184,24.27782003,30.82594308,35.52266422,31.78422886,33.45767558,38.61374985,30.57755548,39.54479387,34.74779054,48.04793488,210.2051316,92.25092093,55.15676929,52.1680238,46.41417814,41.7749308,38.17871767,46.50603933,,,43.5046729,41.41501294,37.78597062,35.27490909,28.51245274,34.55436977,,,,,,,,,,,,,,,,
Kyrgyz Republic,KGZ,Expense (% of GDP),GC.XPN.TOTL.GD.ZS,,,,,,,,,,,,,,,,,,,,,,,,,,,,,,,,,,,,,,,,,,,,,,,,,,,,,,,25.99766555,27.24194835,27.03509659,26.04976986,25.48525288,23.21229996,25.7763,23.4050916,
Lao PDR,LAO,Expense (% of GDP),GC.XPN.TOTL.GD.ZS,,,,,,,,,,,,,,,,,,,,,,,,,,,,,,,,,,,,,,,,,,,,,,,,,,,,,,,,,,,,,,,
Latvia,LVA,Expense (% of GDP),GC.XPN.TOTL.GD.ZS,,,,,,,,,,,,,,,,,,,,,,,,,,,,,,,,,,,,46.00843315,44.31969584,45.90098924,47.87709552,50.41106622,45.98305368,42.07694881,41.57313468,39.58670473,39.53530767,39.50471273,38.58134861,35.95569893,42.02063848,52.41925691,55.3151153,48.86034055,44.35409033,43.90187763,44.68701095,43.57140396,42.65353597,42.89475218,42.61622101,44.03161842,49.53606667,52.33370651,
Lebanon,LBN,Expense (% of GDP),GC.XPN.TOTL.GD.ZS,,,,,,,,,,,,,,,,,,,,,,,,,,,,,,,,,,,,,,,26.1786684,28.05552378,30.51076095,29.00928327,28.35203658,30.47226588,26.84613985,26.84398168,31.71239029,31.57110631,30.5491606,28.78526213,25.84334288,26.39701348,26.79920553,26.691993,25.94687998,22.89755118,25.8470049,25.98358926,29.34619677,29.18755763,14.94487076,6.295711084,
Lesotho,LSO,Expense (% of GDP),GC.XPN.TOTL.GD.ZS,,,,,,,,,,,,,,,,,,,,,,,,,,,,38.98361758,37.02982655,34.54818385,,29.38152794,29.98980962,28.35209366,32.83930038,32.46973124,29.95020688,32.79344583,39.52418541,34.58916302,33.80813306,33.57051304,34.52296466,33.93099409,32.21168876,33.43342673,36.42901682,41.45982461,46.4898543,52.17963967,42.54116881,40.79616693,40.05458111,42.70843951,38.32192182,38.24404068,40.25894635,39.7249208,39.24968418,39.72381225,42.99296461,39.13316567,42.36068348
Liberia,LBR,Expense (% of GDP),GC.XPN.TOTL.GD.ZS,,,,,,,,,,,,,,,,,,,,,,,,,,,,,,,,,,,,,,,,,,,,,,,,,,,,,,,,,,,,,,,
Libya,LBY,Expense (% of GDP),GC.XPN.TOTL.GD.ZS,,,,,,,,,,,,,,,,,,,,,,,,,,,,,,,,,,,,,,,,,,,,,,,,,,,,,,,,,,,,,,,
Liechtenstein,LIE,Expense (% of GDP),GC.XPN.TOTL.GD.ZS,,,,,,,,,,,,,,,,,,,,,,,,,,,,,,,,,,,,,,,,,,,,,,,,,,,,,,,,,,,,,,,
Lithuania,LTU,Expense (% of GDP),GC.XPN.TOTL.GD.ZS,,,,,,,,,,,,,,,,,,,,,,,,,,,,,,,,,,,,32.66334954,34.0140904,49.03708999,40.48382246,37.6863605,37.1731723,34.34163217,32.77412402,31.56197755,31.81061083,31.06501392,30.97142507,31.34540124,34.46912096,41.80914499,39.53189348,39.51969412,33.88257639,33.06732243,32.66026196,32.76465471,32.63000008,31.06736382,32.06851703,32.68494598,39.23660801,35.20157466,
Luxembourg,LUX,Expense (% of GDP),GC.XPN.TOTL.GD.ZS,,,,,,,,,,,,,23.00755154,22.0263553,21.58944133,29.75199708,30.27725539,33.01872845,31.85945418,32.76484559,33.32717523,35.11411991,35.69989686,35.52849764,33.52964906,32.03277457,30.76592235,32.02756805,30.85061086,28.07410349,30.17893715,30.22773985,32.8622508,32.32862625,32.48628897,37.63155748,37.72746711,37.52738021,37.14026979,35.71485338,34.11710514,35.24916301,36.68120635,38.21977851,38.79923675,38.17553035,35.71784909,33.98887936,34.62851965,38.67203244,37.58777946,37.75831971,38.61740337,38.55152459,37.7373163,37.21511925,36.83489175,37.75853386,38.79430711,39.49350816,42.82327299,39.38272431,
"Macao SAR, China",MAC,Expense (% of GDP),GC.XPN.TOTL.GD.ZS,,,,,,,,,,,,,,,,,,,,,,,,,,,,,,,,,,,,,12.45875748,13.36860993,15.02122128,18.6910247,15.02087102,15.29818211,14.93013821,14.57927824,11.85281679,11.56084792,10.86594854,10.073717,13.68489097,17.05433083,14.70432008,11.99963077,10.90458192,10.47090247,11.36964091,15.37577686,16.30750954,15.18569722,14.57383469,15.83144081,43.10093821,31.41347872,
Madagascar,MDG,Expense (% of GDP),GC.XPN.TOTL.GD.ZS,,,,,,,,,,,,,,,,,,,,,,,,,,,,,,,,,,,,,,,,,,,,9.640411871,10.85645012,9.497907987,10.00179138,9.678774667,9.476849876,7.724367393,8.573463487,8.93506574,8.756530173,9.404196444,9.852742381,9.55868887,9.317264439,10.58911483,9.832364584,10.13287308,11.79775222,10.54321421,
Malawi,MWI,Expense (% of GDP),GC.XPN.TOTL.GD.ZS,,,,,,,,,,,,,,,,,,,,,,,,,,,,,,,,,,,,,,,,,,,,,,,,,,15.68750071,12.69943615,12.52608915,11.87156437,12.99218853,14.06544,12.90820344,12.32915078,13.244472,14.91946941,14.77552778,16.10118504,16.8813064,
Malaysia,MYS,Expense (% of GDP),GC.XPN.TOTL.GD.ZS,,,,,,,,,,,,,,,,,,,,,,,,,,,,,,,,,,,,,18.68901045,16.99036534,16.81277207,18.58400606,16.51218712,18.74538926,17.67450478,17.62618532,18.88690597,17.68669814,17.71908175,18.11882114,19.56798738,21.67130989,18.23192539,19.73477959,20.979877,20.60212043,19.68354439,18.2910432,16.76382131,15.82581903,15.92205793,17.35745981,18.47158514,17.25207178,
Maldives,MDV,Expense (% of GDP),GC.XPN.TOTL.GD.ZS,,,,,,,,,,,,,,,,,,,,,,,,,,,,,,,16.59120783,17.1641791,17.97137069,17.38613525,16.7745533,18.6984945,18.02301453,19.75996557,20.41707335,22.28437752,25.52783865,18.50906018,18.37136387,17.41793983,17.75473291,31.18183997,27.81292955,27.4305475,25.66695919,29.19708812,,,,,,,,,,,,,
Mali,MLI,Expense (% of GDP),GC.XPN.TOTL.GD.ZS,,,,,,,,,,,,,,,,,,,,,,,,,,,,,,,,,,,,,,,,,9.518510574,11.01372734,11.68874976,12.93894075,13.66089447,12.83345752,13.33510416,13.04828609,11.98132644,12.89804292,12.78093773,12.24227126,11.98908752,13.25366635,12.95835939,12.27662219,12.31485163,12.50699799,12.37168132,12.8579611,14.50112062,,
Malta,MLT,Expense (% of GDP),GC.XPN.TOTL.GD.ZS,,,,,,,,,,,,,33.68385912,32.11936509,38.88325778,34.99516902,31.43755872,30.85383106,28.64301781,,24.67742992,28.01194346,30.07196718,29.61800404,29.7221801,29.06257385,28.11905667,28.17088922,27.65030212,27.46718918,64.53344056,66.25845702,67.59946311,69.97141837,70.52677519,94.14453987,98.10556934,93.07812232,90.59589856,88.88257828,88.03997342,92.76144433,91.35067481,98.48441785,94.86262799,93.80528975,93.82417461,92.42834283,41.87915463,41.09725156,39.87148314,40.97999864,40.36395046,39.61156911,38.42700019,35.99579313,35.35728994,33.51050437,33.77440022,33.06069992,42.44704814,40.64945425,
Marshall Islands,MHL,Expense (% of GDP),GC.XPN.TOTL.GD.ZS,,,,,,,,,,,,,,,,,,,,,,,,,,,,,,,,,,,,,,,,,,,,,,,,,62.26804646,60.01876317,54.63666389,54.65440285,53.60063951,54.49667867,49.40827086,55.59124151,56.70620103,61.05573875,61.89063811,65.52926413,59.70214713,,
Mauritania,MRT,Expense (% of GDP),GC.XPN.TOTL.GD.ZS,,,,,,,,,,,,,,,,,,,,,,,,,,,,,,,,,,,,,,,,,,,,,,,,,,,,,,,,,,,,,,,
Mauritius,MUS,Expense (% of GDP),GC.XPN.TOTL.GD.ZS,,,,,,,,,,,,,,,,,22.2087585,23.88643881,24.68520294,24.82722513,24.31758077,25.64893721,25.94797441,25.83718561,24.21587744,22.89806234,20.44162437,18.77342911,19.73224558,19.43228948,18.96551724,18.69248121,18.99245728,17.54047964,18.78318437,18.8502895,18.78083247,19.81952732,19.4999067,21.6782807,20.09229348,20.03172358,19.97561794,19.65012428,20.13975528,20.16024777,19.56445461,18.30861522,18.03489133,20.95350224,22.01843114,20.40000363,20.35631581,21.58550016,21.82589777,11.39126898,23.06712345,22.22177617,22.57616131,22.84200416,31.68718607,32.93694745,28.16612425
Mexico,MEX,Expense (% of GDP),GC.XPN.TOTL.GD.ZS,,,,,,,,,,,,,10.08849558,10.41968162,11.66666667,12.54545455,13.12910284,12.97998918,12.66581087,13.16818774,10.87279278,12.57150964,21.95552776,21.04003714,18.65838242,20.52960478,24.90471405,27.33049256,23.80013347,19.34170712,16.91857524,13.7726787,13.3620544,10.26839027,10.40483047,11.28437393,11.1115718,11.68031424,10.5415916,11.37507134,12.09649293,,,,,,,,,,,,,,,,,19.86649209,19.86970971,19.79354445,21.70433642,20.95624317,
"Micronesia, Fed. Sts.",FSM,Expense (% of GDP),GC.XPN.TOTL.GD.ZS,,,,,,,,,,,,,,,,,,,,,,,,,,,,,,,,,,,,,,,,,,,,,,,,,18.21528253,16.65586764,16.77572135,15.68133893,17.44399535,18.19616323,18.10030369,20.65268996,22.1655235,22.16561548,21.50716058,22.4522584,21.41061505,,
Moldova,MDA,Expense (% of GDP),GC.XPN.TOTL.GD.ZS,,,,,,,,,,,,,,,,,,,,,,,,,,,,,,,,,,,,,,38.41325113,33.26970407,29.00040044,28.92526748,22.27904938,,22.21659003,27.25836663,29.31823011,31.86664879,32.40950777,32.77915514,38.04099775,29.14365692,27.35995768,27.85442622,27.12827008,29.3674215,28.33006806,26.67454135,27.2406326,27.78359782,28.27180512,32.72227237,29.95543237,32.27836595
Monaco,MCO,Expense (% of GDP),GC.XPN.TOTL.GD.ZS,,,,,,,,,,,,,,,,,,,,,,,,,,,,,,,,,,,,,,,,,,,,,,,,,,,,,,,,,,,,,,,
Mongolia,MNG,Expense (% of GDP),GC.XPN.TOTL.GD.ZS,,,,,,,,,,,,,,,,,,,,,,,,,,,,,,,,,16.670151,14.62551812,14.23358812,11.67247366,13.32540022,16.32787226,18.35728458,18.91244314,22.38914253,22.05128353,21.69714372,24.60041063,,,23.34789376,23.20669249,25.46116801,26.45851259,22.9057962,24.43069014,27.0748266,23.66881959,23.73322366,24.3130843,27.39856197,23.70151198,22.50062913,25.61624657,33.17899354,31.69664868,
Montenegro,MNE,Expense (% of GDP),GC.XPN.TOTL.GD.ZS,,,,,,,,,,,,,,,,,,,,,,,,,,,,,,,,,,,,,,,,,,,,,,,,,,,,,,,,,,,,,,,
Morocco,MAR,Expense (% of GDP),GC.XPN.TOTL.GD.ZS,,,,,,,,,,,,,,,,,,,,,,,,,,,,,,,16.48217957,17.33429392,18.20723698,21.09257496,20.40346853,22.43408904,,21.17483892,19.05292379,19.67084666,,,22.07712648,20.80953197,21.36841756,25.45965632,22.94423883,23.3310351,24.4132143,23.98640261,25.0281448,27.06399923,27.36872042,25.69871615,25.41703363,23.06060834,22.76858739,22.67927123,22.85750692,23.38767789,27.21021231,25.66776357,28.21641379
Mozambique,MOZ,Expense (% of GDP),GC.XPN.TOTL.GD.ZS,,,,,,,,,,,,,,,,,,,,,,,,,,,,,,,,,,,,,,,,,,,,,,,,,,,19.62017633,21.29486473,22.24357139,,,,18.51987428,17.62567494,19.64948694,20.04325012,22.90490986,23.30441762,
Myanmar,MMR,Expense (% of GDP),GC.XPN.TOTL.GD.ZS,,,,,,,,,,,,,,,,,,,,,,,,,,,,,,,,,,,,,,,,,,,,3.057609629,3.64395424,2.806068064,,,,,,,10.55042771,14.0348673,16.48006637,17.02480431,15.34754127,16.91988894,6.381161004,13.77551981,,,
Namibia,NAM,Expense (% of GDP),GC.XPN.TOTL.GD.ZS,,,,,,,,,,,,,,,,,,,,,,,,,,,,,,,,30.12821251,29.57659765,,,,,,,29.25255953,28.12139743,28.89654252,27.33958053,28.67609077,25.60284804,25.40736302,23.98290051,22.94774285,25.1624217,27.04362446,28.10211444,34.19763972,31.68809044,35.44843036,37.15192728,38.00106775,35.40332909,36.63068506,33.10124293,38.61886153,38.06823977,37.98042134,
Nauru,NRU,Expense (% of GDP),GC.XPN.TOTL.GD.ZS,,,,,,,,,,,,,,,,,,,,,,,,,,,,,,,,,,,,,,,,,,,,,,,,,,,,,,,86.75358882,95.15897022,88.78975222,90.57339632,78.44185468,89.53301391,103.5962928,,
Nepal,NPL,Expense (% of GDP),GC.XPN.TOTL.GD.ZS,,,,,,,,,,,,,,,,,,,,,,,,,,,,,,,,,,,,,,,,,,,,,14.59633833,,,,,,15.63520088,13.93790824,13.83933585,12.69043542,13.58299152,13.98979845,14.22711074,16.85380845,20.1657917,21.70186528,20.16478293,19.44188219,
Netherlands,NLD,Expense (% of GDP),GC.XPN.TOTL.GD.ZS,,,,,,,,,,,,,,34.92824005,35.84935781,40.75276678,40.98830259,42.35017886,43.37544745,44.71683833,45.54909994,46.78950191,49.46149722,50.23323339,49.27251707,48.57107388,48.75955704,50.0062335,47.89555464,46.22546188,45.39242636,45.73057904,46.20924405,46.48484911,45.49777198,48.05687808,41.46216902,40.61255236,38.9835022,37.77341766,36.67354709,37.20462106,37.38558518,38.36157641,37.58365043,36.89494866,37.89898485,37.27037809,37.67919555,41.67885641,41.86896792,41.43065599,41.57000518,41.73345062,41.29489547,40.18141819,39.05528018,37.80796753,37.65838444,37.43313798,42.94477295,41.71564703,
New Caledonia,NCL,Expense (% of GDP),GC.XPN.TOTL.GD.ZS,,,,,,,,,,,,,,,,,,,,,,,,,,,,,,,,,,,,,,,,,,,,,,,,,,,,,,,,,,,,,,,
New Zealand,NZL,Expense (% of GDP),GC.XPN.TOTL.GD.ZS,,,,,,,,,,,,,25.91463415,26.06238452,27.66567755,31.41903758,28.50186193,31.38784121,34.16243655,33.84228836,34.95391514,36.22135843,37.26565797,36.58384925,37.16884049,36.14168169,37.47001881,41.08358374,39.18616422,,,,,,,,,,,,,31.55129281,30.72579061,31.21734163,30.43645922,30.98569754,31.38531662,31.31036626,32.63676969,34.13502859,34.23279008,40.08703673,35.03123836,33.09211188,32.36028351,31.543914,30.73796314,29.92285413,29.6985413,30.05161897,36.42472582,33.39959269,35.72747848
Nicaragua,NIC,Expense (% of GDP),GC.XPN.TOTL.GD.ZS,,,,,,,,,,,,,,,,,,,,,,,,,,,,,,,65.22711701,23.73080172,24.40037929,25.17354296,11.31086935,10.9220556,10.80335045,11.29519676,11.44817818,12.6829708,12.69323482,14.41520645,12.20112281,13.15269262,12.92366792,13.7175631,15.07800485,14.69439365,15.20748063,15.49732808,14.99322559,14.97510162,15.2289368,15.09068971,15.42778079,15.92432869,16.39378383,16.52222793,16.84723739,16.45177681,16.47879849,17.2548292,16.64950757
Niger,NER,Expense (% of GDP),GC.XPN.TOTL.GD.ZS,,,,,,,,,,,,,,,,,9.987930561,8.858596954,9.45014452,9.178740472,10.16452856,,,,,,,,,,,,,,,,,,,,,,,,,,,,,,,,,,,,,,,,,,
Nigeria,NGA,Expense (% of GDP),GC.XPN.TOTL.GD.ZS,,,,,,,,,,,,,,,,,,,,,,,,,,,,,,,,,,,,,,,,,,,,,,,,,,,,,,,,,,,,,,,
North Macedonia,MKD,Expense (% of GDP),GC.XPN.TOTL.GD.ZS,,,,,,,,,,,,,,,,,,,,,,,,,,,,,,,,,,,,,,,,,,,,,,28.89446685,29.56142176,29.29559725,30.55123045,31.33938865,30.08602869,28.9817013,29.3726417,28.24764961,28.36722137,28.79460702,27.78313767,27.99670471,27.84504889,29.68723503,34.92416093,33.32974472,
Northern Mariana Islands,MNP,Expense (% of GDP),GC.XPN.TOTL.GD.ZS,,,,,,,,,,,,,,,,,,,,,,,,,,,,,,,,,,,,,,,,,,,,,,,,,,,,,,,,,,,,,,,
Norway,NOR,Expense (% of GDP),GC.XPN.TOTL.GD.ZS,,,,,,,,,,,,,28.32671692,28.2194754,28.27056969,29.00104161,31.24633513,31.76523297,33.36053172,33.52993864,32.64305845,32.62157786,33.21115439,33.09544831,32.00068709,31.45170181,33.88089608,34.86739101,36.22553773,36.74792136,38.09479357,38.62549314,39.73149443,39.01316459,38.35832473,37.95624303,35.98682813,34.39982827,35.89319428,35.0568473,31.96188272,32.60237389,37.54619936,37.28747395,35.25506914,33.14425321,32.08595015,32.00251337,30.67443133,35.41258149,34.72510998,34.14178792,33.7289756,34.19331561,35.60631746,38.15121991,39.73857803,38.69464774,37.12945408,38.56208769,45.39095643,36.56570838,
Oman,OMN,Expense (% of GDP),GC.XPN.TOTL.GD.ZS,,,,,,,,,,,,,,,,,,,,,,,,,,,,,,,,,,,,,,,,,,,,,,,,,,,,,,,,,,,,,,,
Pakistan,PAK,Expense (% of GDP),GC.XPN.TOTL.GD.ZS,,,,,,,,,,,,,,,,,,,,,,,,,,,,,,,,,,,,,,19.75289831,19.22801137,18.99421416,12.77610001,,,,,,,,,,,,,,,,,,,,,,
Palau,PLW,Expense (% of GDP),GC.XPN.TOTL.GD.ZS,,,,,,,,,,,,,,,,,,,,,,,,,,,,,,,,,,,,,,,,,,,,,,,,,50.97158014,51.27910579,50.5834702,53.11773943,54.4786669,49.67628978,46.74165783,40.02120891,41.39740833,42.27929377,40.64385183,42.4227038,59.2061837,,
Panama,PAN,Expense (% of GDP),GC.XPN.TOTL.GD.ZS,,,,,,,,,,,,,,,,,,,,,,,,,,,,,,,,,,,,,,,,,,,,,,,,,,,,,,,13.30071141,14.43319125,14.13332619,14.41806821,13.59659887,15.04963434,19.25980413,17.13862571,
Papua New Guinea,PNG,Expense (% of GDP),GC.XPN.TOTL.GD.ZS,,,,,,,,,,,,,,,,,,,,,,,,,,,,,,,31.15174566,30.00166408,29.05209567,29.98479587,27.01565919,24.53863787,25.78411115,27.27953557,24.07696448,29.33112073,30.0470326,26.92309764,22.09391275,,,,,,,,,,,,21.75114939,20.22956707,18.38751176,16.58299181,18.30991129,19.14286595,20.89591536,,
Paraguay,PRY,Expense (% of GDP),GC.XPN.TOTL.GD.ZS,,,,,,,,,,,,,,,,,,,,,,,,,,,,,,,,,,,,,,,,,,,,,,12.27873413,12.36495113,11.48275169,10.8129075,12.5773872,11.83911954,13.08328189,15.7041029,14.36188111,14.00136105,14.82834798,15.42161439,14.46614685,16.13048441,20.35023013,18.4727987,16.74006949,
Peru,PER,Expense (% of GDP),GC.XPN.TOTL.GD.ZS,,,,,,,,,,,,,12.65359002,13.16152593,11.74668169,13.60593714,14.23090609,13.2224562,15.66747791,13.33270708,18.76340556,17.39143595,16.4373902,18.30501832,17.41944389,17.03383567,16.93624079,15.85218512,13.21294146,12.97759018,19.45710095,14.56901631,17.15501788,15.30934383,15.43026405,17.50180854,17.0499093,16.62541558,16.92433543,17.81813151,18.42128871,18.24398582,17.61343291,17.77083788,17.38337158,18.02013368,17.07767673,18.14340021,17.82363059,18.48358225,17.82233989,17.62788492,17.9177885,18.95835133,20.51142191,20.56758237,19.18802694,20.15027847,19.88925175,20.66191186,26.83487032,23.11340614,
Philippines,PHL,Expense (% of GDP),GC.XPN.TOTL.GD.ZS,,,,,,,,,,,,,,,,,,,,,,,,,,,,,,,14.70719856,14.0269824,14.20697806,13.94199302,,,,,,,15.70434548,16.37615976,16.23981825,16.30398793,15.24835859,16.50757815,14.57462912,13.88809377,13.58159941,14.50948568,13.79368894,13.52119066,13.54548137,13.207152,12.82164777,13.47674112,13.43514901,13.61315757,14.21255932,14.83598371,19.56030292,19.13922922,18.61006701
Poland,POL,Expense (% of GDP),GC.XPN.TOTL.GD.ZS,,,,,,,,,,,,,,,,,,,,,,,,,,,,,,,,,,,35.97528721,42.02892251,47.7579145,40.61754902,39.22052765,38.70428298,38.31630111,39.84630503,39.70923919,40.62801009,37.99372194,37.06143176,36.79367813,35.1434264,35.94192775,36.81631166,36.91584029,35.06118852,35.26199838,36.07573893,35.26215135,34.33798488,35.03136458,34.49677576,33.37916752,34.19408938,40.94047411,37.43287544,
Portugal,PRT,Expense (% of GDP),GC.XPN.TOTL.GD.ZS,,,,,,,,,,,,,,,,23.71838777,25.93066929,,26.15826446,25.97662559,27.36803861,29.58128,29.07991424,30.80408502,29.51208632,33.5760831,33.6617596,30.13159489,29.79354259,31.15377552,32.32229974,34.73090273,35.87915446,37.24130701,34.97051939,36.77798125,36.79714844,35.83912337,37.24795388,37.09034044,37.25282775,38.08935708,38.54255765,39.82080986,40.4098446,41.39998331,40.114541,39.26316598,40.30294594,43.6779217,43.95590033,44.27092625,44.19802045,45.37380226,47.435428,43.75637012,41.12992961,41.41690714,39.10418576,38.51762956,44.44735146,42.55624595,
Puerto Rico,PRI,Expense (% of GDP),GC.XPN.TOTL.GD.ZS,,,,,,,,,,,,,,,,,,,,,,,,,,,,,,,,,,,,,,,,,,,,,,,,,,,,,,,,,,,,,,,
Qatar,QAT,Expense (% of GDP),GC.XPN.TOTL.GD.ZS,,,,,,,,,,,,,,,,,,,,,,,,,,,,,,,,,,,,,,,,,,,,,,,,,,,,,,,,,,,,,,,
Romania,ROU,Expense (% of GDP),GC.XPN.TOTL.GD.ZS,,,,,,,,,,,,,,,,,,,,,,39.78515312,31.81330767,27.50487837,28.82980027,41.54373089,42.4326258,40.62832801,36.58809802,39.99625,33.34421261,32.89078452,38.24819213,29.89843181,29.7690932,27.62068694,26.88953871,29.88615731,31.88336481,34.30534191,34.3930182,33.16273594,31.80916981,31.5166509,31.17697086,31.03064576,31.46693951,32.79392029,32.04803842,34.99724239,34.83769275,33.65641848,32.29728135,32.0272912,32.44298947,33.01381137,32.22530449,31.5967679,32.54017012,33.47312536,37.86368423,36.89673396,
Russian Federation,RUS,Expense (% of GDP),GC.XPN.TOTL.GD.ZS,,,,,,,,,,,,,,,,,,,,,,,,,,,,,,,,,,,27.04789194,11.56404931,,,25.04153637,20.2861006,21.1628915,22.7585313,22.53524768,23.04630639,21.57384267,19.94809986,19.50054141,23.00653269,21.53216676,32.10897472,27.377239,23.34996839,24.19585513,24.60618998,26.46175398,30.64765052,31.02844675,30.71030517,28.94414784,29.61402978,35.29981859,30.65366791,
Rwanda,RWA,Expense (% of GDP),GC.XPN.TOTL.GD.ZS,,,,,,,,,,,,,,,,,,,,,,,,,,,,,,,12.664609,12.48160995,14.96513553,,,,,,,,,,,,,,,,,,,,,,17.41591599,16.93130618,18.4579804,18.67275322,18.68945542,19.35150825,21.53433421,,
Samoa,WSM,Expense (% of GDP),GC.XPN.TOTL.GD.ZS,,,,,,,,,,,,,,,,,,,,,,,,,,,,,,,,,,,,,,,,,,,,,,,,,,,,,28.80736841,28.75146954,30.73268561,28.60319568,24.98845965,24.41897153,25.95355214,26.93328866,29.80083319,35.07982479,
San Marino,SMR,Expense (% of GDP),GC.XPN.TOTL.GD.ZS,,,,,,,,,,,,,,,,,,,,,,,,,,,,,,,,,,,,,,,,,,,35.95729695,31.49631797,33.27181819,30.15998632,29.30336633,30.44565541,30.71486074,36.07234726,37.29068985,41.79178203,44.65081697,46.03208676,45.62357267,45.23776454,44.98771725,43.29538884,44.36578699,44.15482823,47.44033688,44.07404953,
Sao Tome and Principe,STP,Expense (% of GDP),GC.XPN.TOTL.GD.ZS,,,,,,,,,,,,,,,,,,,,,,,,,,,,,,,,,,,,,,,,,,,,,,,,,,,,,,,,,,,,,,,
Saudi Arabia,SAU,Expense (% of GDP),GC.XPN.TOTL.GD.ZS,,,,,,,,,,,,,,,,,,,,,,,,,,,,,,,,,,,,,,,,,,,,,,,,,,,24.43462797,23.01173167,25.64148642,25.88875349,28.56434925,31.50599763,27.88222022,26.93560684,28.06098293,28.3126566,33.4352762,,
Senegal,SEN,Expense (% of GDP),GC.XPN.TOTL.GD.ZS,,,,,,,,,,,,,,,,,,,,,,,,,,,,,,,,,,,,,,,,,,,,,,,,,,,,,,,,18.29889929,18.31007183,19.78790594,19.84713371,21.2330009,20.94592269,19.55449655,23.20600748
Serbia,SRB,Expense (% of GDP),GC.XPN.TOTL.GD.ZS,,,,,,,,,,,,,,,,,,,,,,,,,,,,,,,,,,,,,,,,,,,,,,,,34.38044173,35.88251759,35.87923275,36.56107909,35.46216805,36.89340259,40.79431207,42.69486608,40.66926761,39.2141143,37.60843682,36.68430998,37.37342187,44.54471774,39.52572492,
Seychelles,SYC,Expense (% of GDP),GC.XPN.TOTL.GD.ZS,,,,,,,,,,,,,,,,,,,,,,,,,,40.60129307,41.47939568,43.36805191,42.31252345,44.45428918,,,,45.55079605,44.44477225,44.02860877,48.36586275,47.29269578,43.31064682,41.75402721,40.53182918,,,,,28.65332729,31.7796816,30.44764554,24.61714608,26.47514226,28.2917725,26.46279927,27.01985622,27.71250372,28.15612339,28.85844903,32.61018196,32.83479983,35.15462446,33.05047361,51.67213476,,
Sierra Leone,SLE,Expense (% of GDP),GC.XPN.TOTL.GD.ZS,,,,,,,,,,,,,,,,,,,,,,,,,,,,,,,,,,,,,,,,,,,,,,,,,,,,,,,,,,,,,,,
Singapore,SGP,Expense (% of GDP),GC.XPN.TOTL.GD.ZS,,,,,,,,,,,,,14.99584453,13.84239486,13.20978225,15.18716266,15.48982231,16.41268987,15.35659363,15.41539742,15.32300461,17.85384818,16.17659176,16.50901256,18.787263,17.95275899,22.65685562,27.0035895,18.97728528,17.55384653,17.0656937,17.87815051,16.54141182,14.5757232,10.91817896,11.92640722,16.1647169,13.63137375,15.72191373,14.77239705,15.71673175,18.16943219,16.14562871,15.93718239,14.39210422,12.5938427,13.05689223,12.14898848,14.50491638,14.30398892,12.41280433,12.77265225,12.38396238,12.37533787,13.15106559,15.92552594,14.44372302,14.30466711,14.69215972,14.1452547,25.80281186,16.77406008,
Sint Maarten (Dutch part),SXM,Expense (% of GDP),GC.XPN.TOTL.GD.ZS,,,,,,,,,,,,,,,,,,,,,,,,,,,,,,,,,,,,,,,,,,,,,,,,,,,,,,,,,,,,,,,
Slovak Republic,SVK,Expense (% of GDP),GC.XPN.TOTL.GD.ZS,,,,,,,,,,,,,,,,,,,,,,,,,,,,,,,,,,,,45.9179292,52.10400341,45.03408984,43.74256954,46.93224207,52.14232357,43.75661273,44.13581752,39.4497349,37.13859852,38.40834499,36.96584854,34.86044566,34.82069698,41.91677112,39.49261387,38.97509127,39.17420783,40.10478839,40.15887913,40.80539826,40.49618805,37.16636319,37.29450848,38.14764743,42.50009546,43.24141263,
Slovenia,SVN,Expense (% of GDP),GC.XPN.TOTL.GD.ZS,,,,,,,,,,,,,,,,,,,,,,,,,,,,,,,,,,,,,,,,,,,41.85314933,41.66783305,41.03651528,41.39366934,39.92032689,36.98065283,38.15180145,42.57762538,43.32504242,44.81742401,43.3548205,53.73439969,44.56018197,43.04601584,41.20410599,38.9531142,37.78083915,37.42431787,45.43192356,43.08397,
Solomon Islands,SLB,Expense (% of GDP),GC.XPN.TOTL.GD.ZS,,,,,,,,,,,,,,,,,,,,,,,,,,,,,,,,,,,,,,,,,,,,,,,,,,,,24.99905528,25.29292397,30.50067301,30.16026715,30.67406767,29.7449483,30.23437675,27.57695672,28.98463776,31.9131436,29.95696033,
Somalia,SOM,Expense (% of GDP),GC.XPN.TOTL.GD.ZS,,,,,,,,,,,,,,,,,,,,,,,,,,,,,,,,,,,,,,,,,,,,,,,,,,,,,,,,,,0.000125496,0.000130436,0.000127256,0.000199408,,
South Africa,ZAF,Expense (% of GDP),GC.XPN.TOTL.GD.ZS,,,,,,,,,,,,,15.46216704,15.08469436,16.04380756,17.61739679,18.52835145,18.85275015,19.0302166,19.26714393,17.665896,18.74135969,20.74381406,22.44800851,22.6145503,24.02842843,25.24072594,25.42864411,25.69039038,24.99479525,25.40390707,24.93517973,27.92248539,29.15355831,25.810292,26.09179379,27.01844439,25.8104576,25.67711097,25.30335128,24.43580915,24.34129205,23.68037832,24.77046716,25.60204978,25.6017227,25.84178528,26.08054185,27.17711835,29.10190337,29.57751283,31.06197345,30.36517973,31.25919057,31.90535016,33.67977875,32.1896608,33.25181248,33.99549783,34.65327546,37.81067407,34.16018289,
South Sudan,SSD,Expense (% of GDP),GC.XPN.TOTL.GD.ZS,,,,,,,,,,,,,,,,,,,,,,,,,,,,,,,,,,,,,,,,,,,,,,,,,,,,,,,,,,,,,,,
Spain,ESP,Expense (% of GDP),GC.XPN.TOTL.GD.ZS,,,,,,,,,,,,,15.99692365,16.19310363,16.39712112,17.28904207,17.59078681,19.18249734,20.95135381,22.52690785,23.0909079,23.46144372,26.27673105,26.92768945,27.61566051,29.62206949,29.52400189,29.5659643,29.10077262,29.40074905,29.33258193,30.15529737,31.71099242,34.63085468,33.76510936,,,,,,,,,,,,,,,,,,38.49999612,35.75871701,34.78948449,33.19503345,32.68112561,31.83927287,32.25768134,32.32627841,41.0545929,39.02371778,
Sri Lanka,LKA,Expense (% of GDP),GC.XPN.TOTL.GD.ZS,,,,,,,,,,,,,,,,,,,,,,,,,,,,,,,24.63609129,25.51074944,23.97979698,22.83886982,24.30200109,25.95077362,24.97617585,22.83167392,21.76483763,21.21933555,22.98868671,23.81337759,22.90697491,20.47783555,20.71109185,20.19596523,21.14772619,20.04670427,19.21179083,20.95841969,16.30084874,15.57850362,15.06835711,14.15671953,14.20329182,17.08805565,15.66081335,15.33088251,15.28479493,15.93406451,19.03840933,17.47915665,
St. Kitts and Nevis,KNA,Expense (% of GDP),GC.XPN.TOTL.GD.ZS,,,,,,,,,,,,,,,,,,,,,,,,,,,,,,,17.5673372,17.15480469,16.81019319,17.31822394,18.3805353,,,,,,25.94422563,24.81610217,21.04461279,21.50191734,21.05053959,22.1403261,20.48132058,20.3550105,25.53769365,26.08176893,25.21426465,26.35362909,24.52109687,23.73106654,24.16584096,24.72126224,25.83166657,22.89481696,,,26.74912638,,
St. Lucia,LCA,Expense (% of GDP),GC.XPN.TOTL.GD.ZS,,,,,,,,,,,,,,,,,,,,,,,,,,,,,,,,,,,,,,,,,14.63149325,16.63780083,16.68687243,17.50138785,17.02734434,15.66091533,14.15626637,13.37190913,16.16208012,17.48978963,18.06837799,17.59880645,19.13834891,18.91634462,18.70731728,18.19690912,18.20125716,17.62676401,,,,,
St. Martin (French part),MAF,Expense (% of GDP),GC.XPN.TOTL.GD.ZS,,,,,,,,,,,,,,,,,,,,,,,,,,,,,,,,,,,,,,,,,,,,,,,,,,,,,,,,,,,,,,,
St. Vincent and the Grenadines,VCT,Expense (% of GDP),GC.XPN.TOTL.GD.ZS,,,,,,,,,,,,,,,,,,,,,,,,,,,,,,,,,,,,,,,,,20.82652685,20.73565041,20.735368,19.8255365,19.40446431,20.68335839,20.45745879,19.66153689,21.8038171,24.35758699,24.32399686,25.69281342,24.80438788,23.79075954,24.45001754,24.15124547,23.40695527,24.73166879,,,,,
Sudan,SDN,Expense (% of GDP),GC.XPN.TOTL.GD.ZS,,,,,,,,,,,,,,,,,,,,,,,,,,,,,,,,,,,,,,,6.773109306,7.589582421,,,,,,,,,,15.66586798,14.13049154,,11.63524738,11.5190199,11.43186003,10.71172527,9.726241526,,,,,,
Suriname,SUR,Expense (% of GDP),GC.XPN.TOTL.GD.ZS,,,,,,,,,,,,,,,,,,,,,,,,,,,,,,,,,,,,,,,,,,,,,,,,,,,,,,,,,,,,,,,
Sweden,SWE,Expense (% of GDP),GC.XPN.TOTL.GD.ZS,,,,,,,,,,,,,23.00771148,22.94949049,24.16914371,24.52370918,26.64596044,29.70679797,31.87809775,33.47638628,33.68261039,36.43455521,37.10093162,38.89310465,37.68328112,38.80508073,37.31783337,35.74166925,34.53423465,33.98712264,35.17386978,36.62807338,39.70759515,44.21656458,41.94829968,42.58535232,40.12131255,38.31621541,37.47415701,36.42292715,34.53466996,33.23915389,33.62798345,33.70474609,32.7152485,33.0994154,31.97876904,31.18154564,31.54681086,33.76712388,33.09845222,32.27853178,32.87068478,33.59635187,33.03992506,32.15656958,31.96996805,31.65589716,31.72804292,31.25168453,34.7776478,32.84492755,
Switzerland,CHE,Expense (% of GDP),GC.XPN.TOTL.GD.ZS,,,,,,,,,,,,,,,,,,,,,16.65723824,15.99755092,16.7314185,17.14714481,17.23297627,,,,,,14.03592607,15.08791161,16.39223354,17.58273364,17.67921387,17.62113587,18.30433332,18.52898741,18.52228977,19.2106708,18.51653179,17.52021834,19.48195046,18.34159852,18.17016792,17.82223131,16.89172212,16.35430431,15.83978512,16.91858252,16.71974454,16.63767918,16.52192618,16.78876201,16.7192645,17.06744466,17.24082285,17.21621714,16.71822365,16.8530605,20.03995195,19.01365838,
Syrian Arab Republic,SYR,Expense (% of GDP),GC.XPN.TOTL.GD.ZS,,,,,,,,,,,,,,,,,,,,,,,,,,,,,,,,,,,,,,,,,,,,,,,,,,,,,,,,,,,,,,,
Tajikistan,TJK,Expense (% of GDP),GC.XPN.TOTL.GD.ZS,,,,,,,,,,,,,,,,,,,,,,,,,,,,,,,,,,,,,,,11.35882181,10.00758364,8.955336654,9.481589828,,11.16845886,13.74744215,,,,,,,,,,,,,,,,,12.45728957,
Tanzania,TZA,Expense (% of GDP),GC.XPN.TOTL.GD.ZS,,,,,,,,,,,,,,,,,,,,,,,,,,,,,,,,,,,,,,,,,,,,,,,,,,15.35182589,13.19308239,14.37604743,14.01790764,14.83107431,16.07944415,14.87007795,13.36885315,15.73865328,14.5748626,,,,
Thailand,THA,Expense (% of GDP),GC.XPN.TOTL.GD.ZS,,,,,,,,,,,,,12.48383313,11.92165709,10.33488516,12.52357462,13.04675302,12.31053261,13.02990546,13.97334083,15.36373833,15.42764155,16.33757879,16.18347219,16.34651359,17.0144814,16.31220105,14.90145899,13.10196678,12.51459315,11.77777441,11.66009372,11.50328116,11.33771687,11.22488202,10.80686853,11.18508931,13.23199535,16.45603059,19.54922788,13.50392124,15.74345695,20.19145549,14.85436669,15.49155952,15.31498103,15.06489621,16.55114139,17.0589483,18.41180589,17.41141537,19.41745836,18.62161962,19.09372653,19.30478212,18.68254991,18.92919635,18.3813209,18.34251413,17.92148697,22.08645129,24.40925518,
Timor-Leste,TLS,Expense (% of GDP),GC.XPN.TOTL.GD.ZS,,,,,,,,,,,,,,,,,,,,,,,,,,,,,,,,,,,,,,,,,,,,,,,,,,,83.6080309,70.6068505,78.15012993,62.9205961,67.36081209,73.05564087,69.58068583,56.58072123,56.57026523,49.17891787,52.18607346,41.23039981,
Togo,TGO,Expense (% of GDP),GC.XPN.TOTL.GD.ZS,,,,,,,,,,,,,,,,,,,,,,,,,,,,,,,,,,,,,,,,,,,,,13.14150872,14.8812997,16.25800721,11.6444497,9.604497232,10.54341933,10.24742405,10.80805239,12.51726081,12.83027503,11.55465265,12.92538287,13.61053662,11.51213529,13.6293529,13.39645531,,,
Tonga,TON,Expense (% of GDP),GC.XPN.TOTL.GD.ZS,,,,,,,,,,,,,,,,,,,,,,,,,,,,,,,,,,,,,,,,,,,,,,,,,,,,,,,,,,,,,,,
Trinidad and Tobago,TTO,Expense (% of GDP),GC.XPN.TOTL.GD.ZS,,,,,,,,,,,,,,,,,,,,,,,,,,,,,,,,,,,,,,,,,,23.86162666,24.90033754,22.09936911,22.6183445,22.6525129,29.50597759,24.51236743,26.4320498,33.0138554,30.697681,27.32372316,28.32806796,29.28906662,30.86428253,33.31764265,33.2881054,32.7548794,30.47970654,32.89953799,,,
Tunisia,TUN,Expense (% of GDP),GC.XPN.TOTL.GD.ZS,,,,,,,,,,,,,19.62529274,21.48006601,21.66946634,23.55575973,23.69891361,26.52037045,27.12669592,28.33675565,26.33243892,26.40557424,30.55116144,30.77750922,30.96032687,30.1939216,31.22730574,29.573258,30.57524883,31.86790269,30.41227105,29.44183958,27.65690438,28.43688195,28.04449278,28.37471704,28.01644787,25.12356495,24.91350317,24.9366177,25.02123438,24.83273694,25.66897256,25.36977147,25.77545477,26.15103532,25.85201568,26.17212646,27.32499656,27.88425487,26.73852499,32.90453332,33.76412302,,,,,,,,,,
Turkiye,TUR,Expense (% of GDP),GC.XPN.TOTL.GD.ZS,,,,,,,,,,,,,14.90833622,15.13736264,12.2831787,14.22587651,14.07920311,15.92350658,16.05664075,18.72142831,18.2407372,15.72585749,,16.75272189,17.53731174,16.7269308,13.66913799,14.44355671,14.43990884,14.98504997,15.29564682,19.23330417,18.86738957,22.93519076,21.93510539,20.95549371,25.17318751,27.57098489,21.84892992,,,,,,,,,,30.34016724,35.56781454,32.87628246,30.33876653,29.58029221,29.12136214,29.37757842,28.88192628,30.64548774,31.73224235,33.54365048,35.57163753,34.06824468,30.94041219,29.67046246
Turkmenistan,TKM,Expense (% of GDP),GC.XPN.TOTL.GD.ZS,,,,,,,,,,,,,,,,,,,,,,,,,,,,,,,,,,,,,,,,,,,,,,,,,,,,,,,,,,,,,,,
Turks and Caicos Islands,TCA,Expense (% of GDP),GC.XPN.TOTL.GD.ZS,,,,,,,,,,,,,,,,,,,,,,,,,,,,,,,,,,,,,,,,,,,,,,,,,,,,,,,,,,,,,,,
Tuvalu,TUV,Expense (% of GDP),GC.XPN.TOTL.GD.ZS,,,,,,,,,,,,,,,,,,,,,,,,,,,,,,,,,,,,,,,,,,,,,,,,,,,,,,,,,,,,,,,
Uganda,UGA,Expense (% of GDP),GC.XPN.TOTL.GD.ZS,,,,,,,,,,,,,,,,,,,,,,,,,,,,,,,,,,,,,,,,,,,,,,,,,,,,,,,,10.76110983,11.31306442,11.25804429,11.83576411,13.51507376,13.67172908,15.58838094,
Ukraine,UKR,Expense (% of GDP),GC.XPN.TOTL.GD.ZS,,,,,,,,,,,,,,,,,,,,,,,,,,,,,,,,,,,,,,,,25.17065056,25.94777662,26.70192968,27.96361464,28.64131916,31.83759202,34.7943585,35.43531357,33.53854183,35.70303961,39.26077196,39.54395249,36.87631284,39.5379742,38.68159408,43.54070004,37.36875322,33.50441672,33.60620644,33.40871911,33.05743893,37.20920478,33.26157448,58.43106221
United Arab Emirates,ARE,Expense (% of GDP),GC.XPN.TOTL.GD.ZS,,,,,,,,,,,,,,,,,,,,,,,,,,,,,,,,,,,,,,6.053873636,6.548788474,6.200060621,,,,,,,,,,,,4.009261388,4.137731738,3.909725488,3.792108857,4.147898592,4.318281125,4.01528734,3.918249913,4.259323722,5.259171647,4.336772116,
United Kingdom,GBR,Expense (% of GDP),GC.XPN.TOTL.GD.ZS,,,,,,,,,,,,,29.51185823,28.83807924,33.25357495,36.48900928,36.44495944,34.52816677,34.4890188,33.97992214,35.55987939,37.484438,37.67154884,36.88161956,36.8195627,35.93275821,34.97785826,33.13741186,30.97244128,29.65462338,32.58304327,34.78407818,37.64062663,37.36898326,37.07977499,37.27356503,36.14038789,34.52625065,34.07948515,33.7462425,34.16755091,34.46286868,35.82054977,37.01004662,37.44806776,37.88435237,38.13712689,38.43116538,41.24177962,43.80404984,44.14526596,42.68917773,43.32488191,40.18354505,39.38891198,38.41595741,37.24022102,37.08963631,37.51719088,36.68446646,47.67712404,43.69542384,
United States,USA,Expense (% of GDP),GC.XPN.TOTL.GD.ZS,,,,,,,,,,,,,17.79831289,17.89633051,17.88262429,19.4705455,19.7324454,19.60298315,19.12358357,18.92108842,20.54416974,21.00472055,22.46313987,22.80273349,21.47035885,22.17480195,22.23061203,21.37433667,21.03032634,20.863127,21.55892932,22.88438583,21.81838426,21.41747268,20.73145429,20.53300442,20.00539568,19.38967579,18.72132886,18.10443785,17.92653714,19.50976281,20.08400965,20.66063261,20.4485356,20.74510298,20.59513512,20.86464527,22.78762613,25.57652018,26.05460472,25.34570583,23.9119007,22.93239685,22.68409407,22.48290639,22.54757747,22.29389316,22.30277708,22.68394003,32.09019001,31.2422875,24.78886661
Uruguay,URY,Expense (% of GDP),GC.XPN.TOTL.GD.ZS,,,,,,,,,,,,,24.95267596,15.92113008,21.92591933,22.51295664,22.92994682,21.82065431,21.47003831,18.14047274,20.18242159,23.76979069,27.78540179,24.63924285,24.49648833,23.86811846,24.13085982,23.14484464,22.43980614,22.87255219,21.91303257,23.36104697,25.03210263,28.888046,30.17345876,27.10395535,27.8050542,26.31559472,26.08158536,26.44237976,26.55093188,27.27020301,27.89109917,27.912726,26.59172531,26.55718215,26.64358102,26.0616997,24.98316582,28.20026654,28.25187239,27.7352833,28.8425661,29.27038879,29.58089275,29.57587209,35.22102491,31.24809832,31.98260207,32.15719303,34.62129263,,
Uzbekistan,UZB,Expense (% of GDP),GC.XPN.TOTL.GD.ZS,,,,,,,,,,,,,,,,,,,,,,,,,,,,,,,,,,,,,,,,,,,,,,,,,,,,14.31219582,14.25803631,15.14904293,14.96941549,15.06509283,14.33491916,14.27213208,16.32339462,16.73948164,21.01230777,,
Vanuatu,VUT,Expense (% of GDP),GC.XPN.TOTL.GD.ZS,,,,,,,,,,,,,,,,,,,,,,,,,,,,,,,19.69244777,,,,,20.68114335,22.19520548,20.3252547,19.13774031,18.81594542,,,,,,,,,,20.98107719,23.24589205,22.6612002,22.74231358,21.89101992,23.03283473,24.04319645,25.55731386,26.92893802,25.62151226,27.8408806,34.03958867,,
"Venezuela, RB",VEN,Expense (% of GDP),GC.XPN.TOTL.GD.ZS,,,,,,,,,,,,,,,,,,,,,,,,,,,,,,,,,,,,,,,,,,,,,,,,,,,,,,,,,,,,,,,
Viet Nam,VNM,Expense (% of GDP),GC.XPN.TOTL.GD.ZS,,,,,,,,,,,,,,,,,,,,,,,,,,,,,,,,,,,,,,,,,,,,,,,,,,,,,,,,,,,,,,,
Virgin Islands (U.S.),VIR,Expense (% of GDP),GC.XPN.TOTL.GD.ZS,,,,,,,,,,,,,,,,,,,,,,,,,,,,,,,,,,,,,,,,,,,,,,,,,,,,,,,,,,,,,,,
West Bank and Gaza,PSE,Expense (% of GDP),GC.XPN.TOTL.GD.ZS,,,,,,,,,,,,,,,,,,,,,,,,,,,,,,,,,,,,,,,,,,,,,,8.149382239,9.642710443,9.367357171,11.57553455,9.468274426,8.490556814,7.878860413,6.665091572,6.978605074,7.442273715,6.943436578,6.684257579,7.465832945,24.61730656,24.46610853,29.23456717,26.16649173,
"Yemen, Rep.",YEM,Expense (% of GDP),GC.XPN.TOTL.GD.ZS,,,,,,,,,,,,,,,,,,,,,,,,,,,,,,,,,,,,,,,,,,,,,,,,,,,,,,,,,,,,,,,
Zambia,ZMB,Expense (% of GDP),GC.XPN.TOTL.GD.ZS,,,,,,,,,,,,,,,,,,,,,,,,,,,,,,,,,,,,,,,19.60980883,16.03420236,,14.10393642,14.1723814,15.74379516,17.44586634,19.75700454,14.23541484,14.76673983,16.38394004,14.50021011,14.66885615,14.49567737,16.53224166,17.85330573,20.25623963,23.23378776,22.40868334,20.92207596,20.11071184,21.95616272,25.41023771,25.1370961,
Zimbabwe,ZWE,Expense (% of GDP),GC.XPN.TOTL.GD.ZS,,,,,,,,,,,,,,,,,,,,,,,,,,,,,,,,,,,,,,,,,,,,,,,,,,9.46552881,16.12087285,19.07699211,20.21182552,,,21.80941572,25.23634685,28.41371873,10.97727965,,,,
