Country Name,Country Code,Indicator Name,Indicator Code,1960,1961,1962,1963,1964,1965,1966,1967,1968,1969,1970,1971,1972,1973,1974,1975,1976,1977,1978,1979,1980,1981,1982,1983,1984,1985,1986,1987,1988,1989,1990,1991,1992,1993,1994,1995,1996,1997,1998,1999,2000,2001,2002,2003,2004,2005,2006,2007,2008,2009,2010,2011,2012,2013,2014,2015,2016,2017,2018,2019,2020,2021,2022
High income,HIC,Gross savings (% of GDP),NY.GNS.ICTR.ZS,,,,,,,,,,,,,,,,22.66955286,23.2720373,23.33457031,23.91115076,24.03640961,23.04970363,22.84996401,21.52676167,20.76835088,22.08193954,21.22877537,20.73777197,21.21454571,22.22322908,21.87460047,21.15849996,19.44046646,19.63295567,19.28750354,20.09789873,21.18533345,22.79830162,23.53968065,23.69189926,23.31798653,23.65599927,22.78341602,22.01000272,21.76378847,22.46859354,22.91932495,23.70833644,23.22156464,21.68156668,19.66289015,20.89773331,21.7329894,22.2271943,22.28225473,22.85301642,22.91923981,22.52858317,23.19849167,23.39495144,23.60817614,22.7070213,23.84472605,23.67668832
Low income,LIC,Gross savings (% of GDP),NY.GNS.ICTR.ZS,,,,,,,,,,,,,,,,,,,,,,,,,,,,,,,,,,,,,,,,,,,,,,,,,,,,10.75755312,5.556976743,4.953217822,7.338799467,3.173517169,4.479932212,16.83891997,15.16703387,15.99450118,14.07862173,15.19781788,16.83891997
Lower middle income,LMC,Gross savings (% of GDP),NY.GNS.ICTR.ZS,,,,,,,,,,,,,,,,,,18.60685382,17.2605797,18.29460942,17.42864563,19.29638518,19.14620392,19.60283594,18.60332699,18.21395653,17.32284437,18.72040881,19.12632405,20.00601092,21.724605,22.3598172,22.63759551,24.06903859,25.0648982,24.94552277,24.87280652,24.79099068,24.47490843,25.72216452,25.84879893,25.05800378,26.08700413,27.26337481,29.59750081,30.88150268,32.38567338,32.53874725,31.96200818,30.14141804,31.39475122,30.42378301,29.85850474,29.16793764,28.70176866,27.69653242,27.39954586,27.66599862,27.86844032,27.16095188,25.84334806,25.44713601,26.58249875
Upper middle income,UMC,Gross savings (% of GDP),NY.GNS.ICTR.ZS,,,,,,,,,,,,,,,,,,,,,,,28.39246331,28.21712367,29.44503032,30.79169333,29.75246296,31.27133833,32.54709529,31.87310901,29.96715307,30.67727091,31.93459151,33.10123868,32.80183648,30.91648186,30.46482716,30.47795514,29.56663717,28.59750236,29.47481236,29.85522248,30.74247548,32.50386741,34.62503241,35.05641491,36.94006864,37.9787899,38.81108875,36.3908846,37.67627338,37.05652022,36.31852208,35.16263156,35.1108337,33.8128154,33.08309396,33.73488934,33.89186803,33.13725966,33.10773228,35.33973557,35.47939623
World,WLD,Gross savings (% of GDP),NY.GNS.ICTR.ZS,,,,,,,,,,,,,,,,,,,,,,,23.36549851,22.83602458,24.05951237,23.84511971,23.20689975,24.07533079,25.03570832,24.65221106,23.77599672,22.92535108,23.42840301,23.62088006,24.36804343,24.38527345,25.1144134,25.60124294,25.39020295,24.95778051,25.4579975,24.93956436,24.73787735,25.14258963,26.36630003,26.82626332,27.94394291,27.92438427,27.11100827,24.94355459,26.22528499,26.52464176,26.56988405,26.21558197,26.51525475,26.18158816,25.70737398,26.39766572,26.57900842,26.46697153,25.78187932,27.13678452,27.12815537
Afghanistan,AFG,Gross savings (% of GDP),NY.GNS.ICTR.ZS,,,,,,,,,,,,,,,,,,,,,,,,,,,,,,,,,,,,,,,,,,,,,,,,,,,,,,,,,,,,,-2.737769443,-2.737769443,-2.737769443
Albania,ALB,Gross savings (% of GDP),NY.GNS.ICTR.ZS,,,,,,,,,,,,,,,,,,,,,,,,,27.81122631,28.41000044,28.24256658,26.06075559,23.7252669,26.82826807,18.77775792,-10.95198896,-11.99358089,11.20820812,3.109843221,16.35751101,16.13250852,5.572394393,17.33743597,14.89957935,25.89134918,28.92521879,25.51671658,26.25826888,29.38483682,30.10649462,29.0689429,23.95429313,17.73092403,17.33589683,19.96761667,20.54545899,19.62510087,17.741292,15.92938749,16.86397944,17.04907325,16.52937175,16.54715996,14.39660845,13.4131245,17.15063089,18.42036968
Algeria,DZA,Gross savings (% of GDP),NY.GNS.ICTR.ZS,,,,,,,,,,,,,,,,,,31.52025583,33.98083715,36.66209983,39.37476941,36.8866273,35.53709011,36.52502863,30.61771284,29.39890661,21.779972,21.34692708,16.97597335,17.49185001,23.97768812,32.25932247,33.65914702571429,35.05897158142857,36.458796137142855,37.85862069285714,39.25844524857144,40.65826980428572,42.05809436,43.45791891571429,44.85774347142858,46.25756802714286,47.65739258285714,49.05721713857143,50.45704169428572,51.85686625,54.57169891,56.94187187,57.41378834,47.20559669,49.82915331,48.52707263,47.77901241,45.55649526,43.29927206,36.48792209,37.38332451,38.72606877,40.15010931,37.6144462,32.95375826,37.62036395,43.87526577
American Samoa,ASM,Gross savings (% of GDP),NY.GNS.ICTR.ZS,,,,,,,,,,,,,,,,,,,,,,,,,,,,,,,,,,,,,,,,,,,,,,,,,,,,,,,,,,,,,,,
Andorra,AND,Gross savings (% of GDP),NY.GNS.ICTR.ZS,,,,,,,,,,,,,,,,,,,,,,,,,,,,,,,,,,,,,,,,,,,,,,,,,,,,,,,,,,,,,,,
Angola,AGO,Gross savings (% of GDP),NY.GNS.ICTR.ZS,,,,,,,,,,,,,,,,,,,,,,,,,,,,,,,,,,,,,,,,,,,28.87681625,26.05546133,33.53600551,41.18765335,43.45458359,41.49897023,38.65885864,27.65787363,36.9873386,37.88854984,37.2329984,31.97857119,29.85796511,24.81755493,24.01749017,23.09966944,25.09992382,32.10299532,28.06598155,38.29084767,35.78664325
Antigua and Barbuda,ATG,Gross savings (% of GDP),NY.GNS.ICTR.ZS,,,,,,,,,,,,,,,,,,,,,,,,,,,,,,,,,,,,,,,,,,,,,,,,,,,,,,,,,,,,,,,
Argentina,ARG,Gross savings (% of GDP),NY.GNS.ICTR.ZS,,,,,,,,,,,,,,,,,34.01352953,32.45311539,30.06233138,25.13378903,22.9585453,19.90821935,18.31827022,18.53685268,17.62150407,16.202444825,14.78338558,15.19776447,14.41397343,13.63018239,16.04337523,13.56185603,13.65164279,16.25052791,15.64836245,16.51163227,17.13007736,16.66428243,16.12973433,13.66191638,14.3684377,14.21407282,21.34317688,21.73453301,13.78283487,13.70860973,21.41722954,22.23144417,21.1268024,18.3213663,17.33185579,17.33321655,16.20994513,15.19446637,15.90902761,14.3058273,14.62225497,13.06884858,11.39391541,13.69079544,15.01213532,19.54196331,17.51985517
Armenia,ARM,Gross savings (% of GDP),NY.GNS.ICTR.ZS,,,,,,,,,,,,,,,,,,,,,,,,,,,,,,,,,,-5.43940818,2.568829778,-2.129917753,1.787588834,3.914112607,0.756174308,2.83405555,-0.92701688,5.411983631,10.24540583,16.34181182,19.7148351,24.30731792,28.54483303,28.60069263,27.90492035,14.04755666,13.20076305,11.09572276,14.09673279,14.83671978,13.28125722,18.45377743,17.87496536,17.17845791,15.55357577,10.22162316,15.70672187,19.60923874,22.18839216
Aruba,ABW,Gross savings (% of GDP),NY.GNS.ICTR.ZS,,,,,,,,,,,,,,,,,,,,,,,,,,,,,,,,,,,,30.95600677,24.84210526,24.31436907,27.08487085,20.6501297,23.71464277,19.18930831,12.20715961,14.64646177,17.24833303,-1.652953154,13.1042328,2.917364059,15.34510666,11.17491375,4.648619276,-1.240146809,5.750846814,6.982150165,10.71005381,14.98840002,15.52923743,14.31095057,12.33872999,16.72200624,4.655719911,13.46126266,20.88971878
Australia,AUS,Gross savings (% of GDP),NY.GNS.ICTR.ZS,,,,,,,,,,,,,,,,,,,,,,,,,,,,,,25.6929727,24.44763753,20.83633914,18.34214868,20.33184801,21.87793934,20.63664872,20.9000876,21.81416583,21.62820071,20.63059735,21.19590796,20.7475782,21.77997995,21.08294055,21.52108395,20.980012,21.65708048,21.36062346,21.89333971,23.996968,21.78420058,23.2399699,24.28835275,23.89355987,23.57955585,22.65198716,20.70524488,21.796346,21.70458901,22.34172669,23.69555032,25.77658897,25.42867118
Austria,AUT,Gross savings (% of GDP),NY.GNS.ICTR.ZS,,,,,,,,,,,,,,,,,,,,,,,,,,,,,,,,,,,,,,,,,,,,,,26.05662848,26.7359484,28.18983077,28.7013518,24.83952731,25.82489473,26.09453033,25.77511764,25.48416116,25.98613123,25.65331339,27.11891832,26.34263296,26.76976829,27.83472653,29.21458049,29.31417628,27.56549755
Azerbaijan,AZE,Gross savings (% of GDP),NY.GNS.ICTR.ZS,,,,,,,,,,,,,,,,,,,,,,,,,,,,,,,,,,,,7.281073793,2.104283941,13.82088385,6.618840981,14.47291912,20.0314553,23.66310648,22.71172854,26.03147235,27.54255759,39.70422683,45.08448393,45.36463669,49.94312191,40.36763552,44.73031565,46.79376664,44.2703392,42.75954442,40.74665304,28.12190501,22.60014842,29.02570834,32.14957553,28.57354797,23.56898183,32.53152006,42.72710001
"Bahamas, The",BHS,Gross savings (% of GDP),NY.GNS.ICTR.ZS,,,,,,,,,,,,,,,,,,15.8345021,9.634790966,9.615729986,15.76424773,13.18611286,19.73008934,21.45660203,13.71319387,17.01641388,16.95854398,17.49078546,18.64921376,19.80764206,19.03411244,14.518379,19.38887102,17.06241915,16.41485118,31.78619131,39.57787753,28.81958701,27.55245697,33.83285089,32.68491061,28.74391518,32.12153958,31.20227641,32.70077491,29.83435758,26.5970641,27.79379828,26.58745439,25.34632477,23.44835852,20.56865383,20.83821499,19.58382954,18.82701882,19.76288488,21.94688482,15.90173496,14.70409806,21.05178495,11.35870961,11.0943792,13.30064612
Bahrain,BHR,Gross savings (% of GDP),NY.GNS.ICTR.ZS,,,,,,,,,,,,,,,,,,,,,51.07425952,54.49037504,50.1459148,48.96753062,42.33570991,34.30194451,22.80212599,24.88630429,31.08253717,23.81771873,36.17957746,15.53263813,12.03537841,11.51741403,16.56635482,18.63942928,18.60783265,16.96561257,8.850917176,7.355679706,25.73325113,18.23996125,22.82781745,25.54748531,24.10547562,35.96634878,42.20862228,48.08899844,43.72616375,28.58593099,30.27512906,26.8797597,36.53013387,33.34579856,31.40689418,23.59933328,24.94614429,28.8557475,28.82445868,30.58232677,25.72174928,32.17136931,34.15592007210946
Bangladesh,BGD,Gross savings (% of GDP),NY.GNS.ICTR.ZS,,,,,,,,,,,,,,,,,-0.840906616,10.03992261,5.704443543,7.076281516,8.332931314,21.14318205,23.52848225,23.09953972,16.29489054,21.52029364,22.77606457,22.62537719,22.19589584,22.34616801,23.02441186,22.56040592,21.99400383,20.90120214,22.41716006,22.14615449,23.13879408,24.3974787,25.83405473,26.65995682,27.79745769,28.42229043,30.74917643,30.1645967,31.57740067,32.3626785,35.33850447,36.31743462,37.38253287,38.97611981,38.78147102,38.05723258,40.59589105,39.74593084,37.77929374,36.73377423,37.2800608,35.2848394,35.45878774,36.35349609,37.19009998,36.05126382,33.95726324
Barbados,BRB,Gross savings (% of GDP),NY.GNS.ICTR.ZS,,,,,,,,,,,,,,,,,,,,,,,,,,,28.53366731,26.67537021,31.44642437,31.41156441,15.28487371,13.74598385,14.51314627,13.20867329,15.14479509,9.073412725,10.60444272,9.784454214,12.42601256,11.26994913,10.65194681,8.493278687,9.521740625,11.84679903,8.124926456,3.832296414,8.159230713,13.57306477,8.240213627,7.236140895,6.709477402,2.087142486,4.660622815,5.575225302,4.968017523,5.428905101,3.219058563,5.55972025,6.115885438757515,6.727686469477704,7.400688859336879,8.141014870594143,8.955399204442905
Belarus,BLR,Gross savings (% of GDP),NY.GNS.ICTR.ZS,,,,,,,,,,,,,,,,,,,,,,,,,,,,,,,,,,25.6986802,20.1091047,20.86310882,20.17050756,23.02845024,22.86669695,22.80227186,24.41214461,21.71755992,20.63571842,22.87737405,26.89887092,27.95562143,29.55825726,29.13438649,30.50207497,26.04015024,26.85527846,32.72210562,31.23650362,28.43710947,27.4692016,28.90847195,26.40345526,28.0169008,29.15815621,27.82262022,27.46986029,29.66284547,26.32349702
Belgium,BEL,Gross savings (% of GDP),NY.GNS.ICTR.ZS,,,,,,,,,,,,,,,,,,,,,,,,,,,,,,,,,,,,,,,,,,,26.37176775,26.22422856,27.19434758,27.31682217,27.84800097,28.77958487,27.42734119,25.00273586,25.35129213,23.50064483,24.73158925,24.23411184,24.57712336,25.00867822,24.81696636,25.15490744,24.49856226,25.1048784,25.64026101,27.03714789,26.12567753
Belize,BLZ,Gross savings (% of GDP),NY.GNS.ICTR.ZS,,,,,,,,,,,,,,,,,,,,,,,,,46.76245346,44.07169204,48.84381131,50.50469652,47.74271218,47.72684571,62.32006765,60.48023304,35.39001186,36.35688735,31.96273814,32.27815944,29.91120653,23.70684768,21.60968717,22.81468994,27.04739106,20.69328765,19.06959634,16.87779964,18.14736869,21.10968059,26.65318826,25.89923404,24.51403655,25.8047304,23.18992418,25.44009583,23.71029318,21.53155094,21.76890717,23.97742683,24.58468755,22.1172416,19.5010538,20.04965606,27.42078905,26.07145483,23.13502037
Benin,BEN,Gross savings (% of GDP),NY.GNS.ICTR.ZS,,,,,,,,,,,,,,,11.10189064,10.14933463,11.21581482,13.61510053,10.50405423,12.64138757,4.172430599,-3.251559235,13.22154631,8.192516433,7.516613329,2.634223486,4.137374051,4.357862683,0.770432596,4.514204625,9.688373738,10.75654139,9.575206416,9.685313337,14.50610147,15.89711154,15.24389133,16.18785118,15.79857524,12.45653047,12.68387917,13.27892181,13.61328875,11.366391,13.25686578,12.19092972,12.46486564,14.04519041,12.64174075,11.45438675,11.38726242,12.125649,13.53316774,16.28315595,18.60217876,13.86203005,17.40228943,17.39915461,19.63660537,21.71952965,21.31082492,23.40327282,23.40327282
Bermuda,BMU,Gross savings (% of GDP),NY.GNS.ICTR.ZS,,,,,,,,,,,,,,,,,,,,,,,,,,,,,,,,,,,,,,,,,,,,,,,,,,,38.49410768,36.95064272,39.40631633,40.04899793,39.63328329,39.94720496,39.31975329,40.48283833,40.34162425,38.44677842,39.27455749,40.73945626,40.73945626
Bhutan,BTN,Gross savings (% of GDP),NY.GNS.ICTR.ZS,,,,,,,,,,,,,,,,,,,,,,,,,,,,,,,,,,,,,,,,,,,,,,,51.82630588,26.78945986,34.62443099,30.88815127,34.61522937,40.5946859,48.68673236,25.02114741,30.02252204,23.39981298,31.169561,32.90573715,31.90639751,30.79019383,24.44243741,23.80885431,22.657765187643474
Bolivia,BOL,Gross savings (% of GDP),NY.GNS.ICTR.ZS,,,,,,,,,,,,,,,,,16.33103152,14.67200725,14.86910056,14.62196246,14.18527394,10.52998968,8.623820203,12.75106951,12.15790094,10.16117109,3.770619415,4.770287395,6.792827161,8.613772466,9.54598823,8.884363691,8.480554717,7.798747524,10.19956584,11.16878664,12.06921196,12.58213849,12.82216146,10.65747072,11.01508839,11.25623261,12.29706715,14.48571969,17.04664635,19.88248341,26.58224479,28.63609751,28.98328097,22.89988725,24.8491395,26.31741757,25.69405643,23.89093966,20.78947779,14.21692538,15.42005142,16.05702893,16.12778626,14.19492888,12.48199146,13.84929323,13.91607719
Bosnia and Herzegovina,BIH,Gross savings (% of GDP),NY.GNS.ICTR.ZS,,,,,,,,,,,,,,,,,,,,,,,,,,,,,,,,,,,,,,,,,12.61173948,8.880810057,6.492283395,3.679119003,12.90195296,7.843475247,10.84463734,13.28057584,11.45020361,9.479685023,8.649027413,7.990085289,6.644585462,8.657921383,9.552766931,11.74786426,13.48257534,15.5979,18.22392609,20.14239542,17.85749035,21.87907904,23.49233106
Botswana,BWA,Gross savings (% of GDP),NY.GNS.ICTR.ZS,,,,,,,,,,,,,,,,20.25509174,21.66924266,22.23537432,22.7835157,29.80395244,27.43314536,28.84807864,27.39581864,28.90694923,25.35303005,32.42886495,36.24708594,38.70283461,49.81905959,47.47929985,41.64781968,44.99639367,41.39850707,43.73922912,29.32231796,29.00824897,36.9132285,37.49151689,40.52701838,39.691031,39.44143735,43.39317717,31.4345614,35.67831753,34.27037293,40.4367157,41.34629674,44.51610407,37.08852845,27.42400043,32.0369221,38.61497238,36.87433628,29.92246645,36.44266373,31.3073044,30.12627903,30.79621509,26.82945432,25.9712809,24.13404357,30.92788469,32.42365046
Brazil,BRA,Gross savings (% of GDP),NY.GNS.ICTR.ZS,,,,,,,,,,,,,,,,20.58915045,19.13817534,19.7281424,19.48444321,18.33085009,17.6289205,18.96771523,15.88259896,14.21729014,17.40266407,20.11344989,17.87032444,22.63657982,25.62412692,35.80697093,18.92126168,18.66266131,20.09182946,20.18483818,19.09742736,14.43936271,14.04132102,13.71115857,13.89045294,12.73690145,13.99170313,13.59459738,15.40587227,16.41794181,18.85501886,18.11409555,18.40981636,19.34636033,19.22684663,16.38036507,17.80239938,18.60126643,17.67810853,18.15169083,16.134405,14.52934718,13.42175301,13.57776969,12.70741995,12.25079584,14.79333392,17.40187556,15.94629774
British Virgin Islands,VGB,Gross savings (% of GDP),NY.GNS.ICTR.ZS,,,,,,,,,,,,,,,,,,,,,,,,,,,,,,,,,,,,,,,,,,,,,,,,,,,,,,,,,,,,,,,
Brunei Darussalam,BRN,Gross savings (% of GDP),NY.GNS.ICTR.ZS,,,,,,,,,,,,,,,,,,,,,,,,,,,,,,,,,,,,,,,,,,42.50730064,45.70217359,47.13400562,46.89039727,55.18985192,58.5940859,54.21165909,62.62907875,48.69272286,60.15033514,63.783176,62.90468636,60.27908261,59.7121094,57.1183128,56.41234531,55.33647891,53.2040345,53.55339105,50.90863539,49.73553569,50.38257567
Bulgaria,BGR,Gross savings (% of GDP),NY.GNS.ICTR.ZS,,,,,,,,,,,,,,,,,,,,,29.67663138,36.06154289,34.92468893,33.76231779,35.32927703,31.84968385,32.12167163,30.33316635,32.67718692,28.8254942,14.65501668,17.3373913,12.82333665,6.215529809,8.509748858,25.56501802,9.956693827,21.35471948,25.19022994,16.11258031,13.4837989,15.72154072,17.98515341,16.80983174,16.97701534,16.75685344,14.94467914,9.630733365,14.78448817,19.62719634,21.17975389,22.42396598,22.27325948,23.88920999,23.38463238,22.20772899,23.88358072,25.15222245,23.70387103,24.27218189,20.45734961,20.10805024,21.94073319
Burkina Faso,BFA,Gross savings (% of GDP),NY.GNS.ICTR.ZS,,,,,,,,,,,,,,,,,,,,,,,,,,,,,,,,,,,,,,,,,,,,,,5.853700031,6.313850631,10.16890261,9.604478155,11.49202764,15.8387096,17.4955996,18.06330139,14.39043325,13.38918106,11.85934407,13.45074892,14.78649846,17.10798054,16.84415958,20.18439113,16.72588788,17.621868686770988
Burundi,BDI,Gross savings (% of GDP),NY.GNS.ICTR.ZS,,,,,,,,,,,,,,,,,,,,,,,,,,10.26366145,8.634556173,14.19536626,8.564358927,14.39249175,8.70394136,11.68151404,5.143710486,12.11157647,5.417275125,6.017278401,3.737557297,6.040746122,0.665303319,2.418028682,1.32796785,1.489883647,4.200173483,6.755630908,6.587317715,15.34942446,8.007473853,7.337433566,-1.504730952,9.854534026,3.213134338,1.951730318,10.8824793,3.932523024,0.59229429,11.28472542,6.68533317,7.531066404,5.514660083,9.487198602966263,15.34942446,15.34942446,15.34942446
Cabo Verde,CPV,Gross savings (% of GDP),NY.GNS.ICTR.ZS,,,,,,,,,,,,,,,,,,,,,,,,,,,,,,,,,,,,,,,,,,,,,,,,36.91022608,37.32185296,33.33793353,34.61186307,34.07204452,29.06873328,29.20589665,26.60912701,28.52108584,28.05334347,25.59090523,25.55283655,24.76160468,17.54811386,22.70320408,18.63329475
Cambodia,KHM,Gross savings (% of GDP),NY.GNS.ICTR.ZS,,,,,,,,,,,,,,,,,,,,,,,,,,,,,,,,,,,,5.616724785,4.674598196,8.539986326,7.23399209,13.02076907,14.29561898,16.32430524,16.51975852,16.23877805,14.39625637,15.33938438,19.86330896,19.21501496,16.71365927,18.80388628,18.52913416,16.87990271,19.21995542,19.93241698,21.04028629,21.34202868,21.2277263,24.22658856,26.65253628,31.59283795,32.77089012,33.71028887,36.76596508
Cameroon,CMR,Gross savings (% of GDP),NY.GNS.ICTR.ZS,,,,,,,,,,,,,,,,,,4.10184384,18.2519466,15.57102318,5.228034771,9.510942033,23.34697993,21.3557874,24.76338332,23.33284435,23.87331825,18.94135744,19.71795363,17.78584801,16.18676865,15.41913885,11.06610648,16.08226978,18.03808464,19.68505112,16.40313793,17.55822115,17.33548684,16.54237921,14.38148472,12.15782486,11.91175614,14.19098559,16.91747745,16.87037517,19.32032196,18.88596301,17.51653491,16.14105029,15.29820401,15.52099844,15.11444463,15.32120227,16.30627741,14.31569393,16.45471334,16.2917062,15.70642974,14.39895781,13.23996251,13.9459547,15.24047193
Canada,CAN,Gross savings (% of GDP),NY.GNS.ICTR.ZS,,,,,,,,,,,21.21200183,21.28712369,21.31871934,23.39599958,24.28776643,21.24043106,21.88376312,20.59888891,20.29922159,22.05140429,22.1704765,22.49208796,19.90001973,20.05243336,20.91206703,20.53419195,18.96702054,20.16679235,20.96099338,20.13847562,17.75989076,15.14220788,14.05691765,14.88382795,16.98299018,18.94959481,19.46156758,20.19673402,19.77421428,21.09588678,23.77462807,22.63548905,21.7247372,21.94377715,23.66050407,24.45175414,24.61727708,24.40431956,24.24740931,18.52001347,19.3125301,20.85710941,20.91795123,21.5972984,22.14849389,19.56936363,19.14645457,19.84528099,19.58293123,20.26163399,19.47229716,23.26556434,24.08293388
Cayman Islands,CYM,Gross savings (% of GDP),NY.GNS.ICTR.ZS,,,,,,,,,,,,,,,,,,,,,,,,,,,,,,,,,,,,,,,,,,,,,,,,,,,,,,,,,,,,,,,
Central African Republic,CAF,Gross savings (% of GDP),NY.GNS.ICTR.ZS,,,,,,,,,,,,,,,,,,7.829275752,6.922911561,7.518815991,1.605727166,8.13782706,0.970862077,7.382907531,7.063254382,11.47033026,8.630921643,8.334571166,10.56779283,11.95671597,10.87964052,9.541179724,9.840439183,12.52460798,15.0921291,15.0921291,15.0921291,15.0921291,15.0921291,15.0921291,15.0921291,15.0921291,15.0921291,15.0921291,15.0921291,15.0921291,15.0921291,15.0921291,15.0921291,15.0921291,15.0921291,15.0921291,15.0921291,15.0921291,15.0921291,15.0921291,15.0921291,15.0921291,15.0921291,15.0921291,15.0921291,15.0921291,15.0921291
Chad,TCD,Gross savings (% of GDP),NY.GNS.ICTR.ZS,,,,,,,,,,,,,,,,,,23.2626781,22.99979304,19.2731295975,15.546466155,11.8198027125,8.09313927,13.17002325,7.325172263,3.851811543,5.362410028,10.7610085,13.33144744,9.14894284,2.322174493,7.301197062,6.904809457,4.654491784,13.40507278,21.174042691893117,23.2626781,23.2626781,23.2626781,23.2626781,23.2626781,23.2626781,23.2626781,23.2626781,23.2626781,23.2626781,23.2626781,23.2626781,23.2626781,23.2626781,23.2626781,23.2626781,23.2626781,23.2626781,23.2626781,23.2626781,23.2626781,23.2626781,23.2626781,23.2626781,23.2626781,23.2626781,23.2626781
Channel Islands,CHI,Gross savings (% of GDP),NY.GNS.ICTR.ZS,,,,,,,,,,,,,,,,,,,,,,,,,,,,,,,,,,,,,,,,,,,,,,,,,,,,,,,,,,,,,,,
Chile,CHL,Gross savings (% of GDP),NY.GNS.ICTR.ZS,,,,,,,,,,,,,,,,7.559601125,14.42223742,10.69569848,12.01680531,12.34317078,14.04729538,7.887229123,2.023028812,5.888598424,7.032859098,9.242213324,12.13448856,17.86218909,22.82516443,23.87210956,23.66513089,22.66700156,21.8172247,21.24692928,21.5197559,24.23508736,25.3183264,25.07635977,23.39498112,22.48331626,22.50172429,22.95400688,23.12168971,23.55085717,24.43807777,25.11732991,27.73610853,27.62940214,24.30591024,24.5258483,26.42202849,21.975249,23.46866209,22.66631815,21.67947948,22.73386142,21.08780703,19.84212511,19.60370906,19.76688154,19.15429967,16.96041732,16.38001082
China,CHN,Gross savings (% of GDP),NY.GNS.ICTR.ZS,,,,,,,,,,,,,,,,,,,,,,,33.7372469,33.09618657,34.86716583,35.27901378,35.25028199,37.2201881,37.94778534,35.85053489,36.68770303,38.48543764,40.56922227,41.6330081,41.69672689,39.53009973,38.75912419,39.74224218,38.34708494,36.55790945,35.73955353,37.26929737,38.88322089,42.41350435,45.67236733,45.95478431,48.26050543,50.27522622,51.78758738,50.37304208,51.32671358,49.23332825,48.66536341,47.37839154,47.61581841,45.41758943,44.38066144,44.9050475,44.48574799,43.77302796,43.92641666,45.47068464,46.01743463
Colombia,COL,Gross savings (% of GDP),NY.GNS.ICTR.ZS,,,,,,,,,16.89458099,15.95031317,17.04502207,13.55889371,16.70522468,18.81620747,19.27650708,16.70735599,18.7228326,21.02405782,19.96043295,19.24506304,19.44924874,16.39144254,14.15859889,14.39888438,15.05013963,16.84428805,22.08904671,21.31223286,22.42755668,20.61599795,20.88099902,22.9369714,19.08533876,17.90265318,19.10141518,18.50708754,15.10932615,13.49826605,12.87348161,13.5396342,13.57496867,12.83463539,13.92546062,15.39649531,16.8283644,18.4240691,19.01077229,18.63864987,19.56820861,18.66999664,18.45591353,19.34555643,18.37132843,18.18979935,18.15609511,17.36986727,17.47785728,17.10212763,16.36558246,16.17890591,14.21007169,13.01813791,13.81478985
Comoros,COM,Gross savings (% of GDP),NY.GNS.ICTR.ZS,,,,,,,,,,,,,,,,,,,,,5.612753528,12.45054373,9.432133262,9.062354426,15.02726928,15.29314084,10.02558421,11.4210651,11.64934735,13.13023601,10.20689066,9.489899108,10.65864901,12.35203294,13.80934467,9.637520357,8.985992533874999,8.33446471075,7.682936887625,7.0314090645,6.379881241375,5.72835341825,5.076825595125,4.425297772,6.840510104,8.559628634,10.45837488,12.79261449,11.80705058,13.87334641,13.84310943,10.80097312,12.03099703,10.925342917,9.819688804,13.4766404,8.212049952,11.3771508,12.20801706,10.35397929,9.941945199,14.74876073,15.44507342
"Congo, Dem. Rep.",COD,Gross savings (% of GDP),NY.GNS.ICTR.ZS,,,,,,,,,,,,,,,,,,,,,,,,,,,,,,,,,,,,,,,,,,,,,,7.362421753,11.8250329,13.0705812,3.453186646,8.543636163,19.94035795,19.16813834,8.1580008,12.53924975,15.39313469,12.30906285,10.85437233,21.6499453,15.84159521,14.48770795,22.441779,26.45907905,26.45907905
"Congo, Rep.",COG,Gross savings (% of GDP),NY.GNS.ICTR.ZS,,,,,,,,,,,,,,,,,,,8.129910081,17.91013447,26.12098435,25.04728798,39.25060045,36.13413773,40.48752461,24.87331121,18.34994921,24.99591799,5.351777056,14.59950074,31.77735958,17.57838975,32.33210207,21.21146426,28.8079533,-2.301749668,-0.209248289,9.274813012,6.024347448,17.68209574,36.17262974,22.02523532,23.5482737,30.74157345,17.04504335,32.69808848,42.00490423,33.3484708,43.49245367,40.19205721,54.04430634,50.08982623,57.50172585,57.85017645,53.70431546,40.60244426,32.01971949,40.59017202333333,49.16062455666666,57.73107709,37.38743296,38.05571551386371,38.73594330002718
Costa Rica,CRI,Gross savings (% of GDP),NY.GNS.ICTR.ZS,,,,,,,,,,,,,,,,,,16.72411513,12.86644178,11.63624504,12.06093104,14.32390299,13.48722163,15.02751158,18.71158581,22.51601649,23.29469234,21.41881378,20.91545387,18.69660588,19.35723104,13.18419203,14.61867289,13.09704319,15.2448749,15.89226673,14.1387856,15.72937424,17.4392312,15.74539898,15.76547352,16.56779768,14.34638739,13.41376807,14.87546315,14.18020607,16.45456972,17.15026818,15.25928529,15.82423989,15.8617848,13.85088732,13.89002912,13.88912142,13.55921461,14.68458318,15.93141772,14.25146884,14.43770424,13.91016176,14.85475246,14.45568724,13.16002394
Cote d'Ivoire,CIV,Gross savings (% of GDP),NY.GNS.ICTR.ZS,,,,,,,,,,,,,,,,,,,,,,,,,,,,,,,,,,,,,,,,,,,,,,-18.75292344,-18.2668801,-19.90297447,-13.9842172,-12.23455871,-11.36763315,-12.44902869,-9.900770291,-8.314578662,22.78909982,22.43282925,22.43146757,19.2374427,17.86864201,19.58191053,16.63526168,17.36547509,16.586652262071613
Croatia,HRV,Gross savings (% of GDP),NY.GNS.ICTR.ZS,,,,,,,,,,,,,,,,,,,,,,,,,,,,,,,,,,,,11.47143216,16.85664011,15.59439519,17.36221333,14.97517865,17.80841956,18.26389992,17.47350475,18.11139148,19.94688191,18.79717588,20.30207089,20.3231015,18.7995323,17.39720015,17.84465314,16.9325043,15.5149728,17.20304382,18.00005114,22.52038419,21.87665292,24.07851972,23.9107303,24.76360374,22.72381338,23.79434731,24.16854182
Cuba,CUB,Gross savings (% of GDP),NY.GNS.ICTR.ZS,,,,,,,,,,,,,,,,,,,,,,,,,,,,,,,,,,,,,,,,,,,,,,,,,,,,,,,,,,,,,,,
Curacao,CUW,Gross savings (% of GDP),NY.GNS.ICTR.ZS,,,,,,,,,,,,,,,,,,,,,,,,,,,,,,,,,,,,,,,,,,,,,,,,,,,,8.232530219,6.350053146,7.326728762,9.330842491,12.22517865,12.27320743,8.162538052,10.59313085,11.759428860700673,12.27320743,12.27320743,12.27320743
Cyprus,CYP,Gross savings (% of GDP),NY.GNS.ICTR.ZS,,,,,,,,,,,,,,,,,16.62787496,19.35907796,18.30397106,23.41421541,22.47480219,22.52037804,21.99851845,19.98391697,23.41769902,23.21727387,26.90602092,25.76364696,24.59943735,26.33699096,23.09605607,17.15716658,18.55622738,24.77692755,25.95735121,21.18505397,19.38127558,17.59907492,25.02442158,17.82769907,16.19967719,15.84576568,17.49526125,18.11422145,17.29051255,17.21594017,17.15452439,13.16197067,14.19256218,16.18284778,13.35068303,16.72079484,12.44804186,11.41513148,9.543183986,13.35807929,13.50023093,15.68727268,15.40236034,14.23987218,10.9979713,13.36340172,13.47753532
Czechia,CZE,Gross savings (% of GDP),NY.GNS.ICTR.ZS,,,,,,,,,,,,,,,,,,,,,,,,,,,,,,,,,,29.46911257,29.9482488,31.27619455,30.35520048,27.92271268,29.92665668,28.39388703,28.74024548,28.698228,26.80384304,25.36209393,25.91548467,26.78176141,26.3663607,27.82950063,27.10744693,23.28320597,22.65664329,22.46063745,24.02350515,24.11068079,25.31045338,27.09377506,26.3493691,27.27576794,26.94749775,26.95330567,27.42451696,28.60723331,27.96093581
Denmark,DNK,Gross savings (% of GDP),NY.GNS.ICTR.ZS,,,,,,,,,,,,,,,,21.21543673,21.0601725,21.76286016,22.17316285,20.59368547,18.10845598,15.24984563,15.25958739,16.92584697,18.60610355,18.78998472,20.04042665,21.06518649,21.2070897,21.4625716,22.65146491,21.64724803,22.1473256,22.01487841,21.67027049,22.83970402,22.93432666,23.84100323,23.47005794,24.297128,24.94958185,25.92989417,25.25839456,25.20028693,25.80866871,26.40806444,27.64618503,26.74065401,26.88832744,22.56653567,24.62749403,25.71520566,25.741771,27.45207095,29.00361173,28.87395985,29.54503371,30.06155369,29.87983949,30.34387485,30.60220847,33.10928878,37.24746065
Djibouti,DJI,Gross savings (% of GDP),NY.GNS.ICTR.ZS,,,,,,,,,,,,,,,,,,,,,,,,,,,,,,,,,,,,,,,,,,,,,,,,,,,,,,27.88450302,27.38400798,29.76112767,25.38536639,21.09444369,21.67051604,24.41983289,16.27731339,12.47489521,87.12418087
Dominica,DMA,Gross savings (% of GDP),NY.GNS.ICTR.ZS,,,,,,,,,,,,,,,,,,,,,,,,,,,,,,,,,,,,,,,,,,,,,,,6.404200516,-1.194263916,-7.249288261,-3.33073972,2.462903707,2.49562749,-2.37576319,3.976456221,8.285150642,6.285677096,5.390429818,7.046604122,-11.26298297,-7.67838075826783,-5.234628448429382,-3.5686345670734467,-2.432866591922602
Dominican Republic,DOM,Gross savings (% of GDP),NY.GNS.ICTR.ZS,,,,,,,,,4.540821055,7.265339293,10.64107062,9.074028983,19.87361155,19.24884069,15.00874695,22.19011577,18.459699,15.8939978,16.99796109,20.30961955,8.89055124,10.09960903,6.779342472,4.995260682,-2.097173598,13.43825978,16.69949391,16.37979451,21.42933271,18.70175519,16.16219704,13.94843111,11.85354295,16.03990214,18.31689634,17.94657902,19.61309495,21.09357502,25.83107707,24.71339634,23.12988199,23.69707442,23.79840514,23.63248294,24.76589779,21.99891007,23.0203508,22.69907311,20.11219828,18.16965353,18.52283538,17.1313848,17.5613331,18.25124302,19.58661036,21.34689757,21.58884764,22.00714809,24.04657333,24.31287719,22.84941866,27.85650444,27.5128794
Ecuador,ECU,Gross savings (% of GDP),NY.GNS.ICTR.ZS,,,,,,,,,,,,,,,,,17.87942703,21.20039677,20.858797,19.87639035,21.38454498,21.7692436,13.74520173,15.85792764,14.06970549,16.88532148,15.20346505,11.75806385,12.75125492,13.41719769,17.76415141,18.26716437,21.57444729,14.78189876,15.34660032,14.51228953,16.76108116,16.91823672,14.94017652,22.07335839,26.76513796,19.71063562,18.70787186,18.39881862,19.1622199,22.81042437,26.14311269,26.66440646,29.48918294,26.34144186,25.67306621,27.80379069,27.67438983,27.09236411,27.22747579,24.31730415,25.89152346,25.70566041,25.08579953,25.52375001,24.09438978,25.39990433,24.84861631
"Egypt, Arab Rep.",EGY,Gross savings (% of GDP),NY.GNS.ICTR.ZS,,,,,,,,,,,,,,,,,,20.80630896,24.40660882,22.5631025,21.31432199,22.1202478,22.05692867,28.03386645,27.64762944,22.85561283,20.25939563,25.99051456,27.36584249,26.35765178,31.68412035,34.92790116,35.47563055,31.62502784,23.92662811,22.24344196,18.75182982,17.73693983,18.95935978,18.89514421,17.58387342,18.61067103,18.4079876,18.64809581,21.11221925,21.84229211,22.97673628,23.5552982,23.62350084,16.83984206,17.95038894,16.86871826,12.87821102,13.68322162,11.8849608,9.593464708,9.710041522,12.47652769,16.08277811,17.17242473,13.45339183,10.85402574,12.75407714
El Salvador,SLV,Gross savings (% of GDP),NY.GNS.ICTR.ZS,,,,,,,,,,,,,,,,,18.94789635,24.73314122,17.00788693,18.54465009,13.30736811,6.181781323,10.12236418,10.64910902,9.923536808,9.252928782,15.94185302,15.76377666,15.38546689,16.06852709,11.6372447,12.18977776,16.71010441,18.10578564,20.6341118,19.18206558,14.16802928,15.28560248,19.02168131,16.61901684,15.71499246,18.39061853,15.59148791,14.80844506,15.45088975,16.73384134,17.46499507,13.64874278,11.65465514,12.28125593,13.78347776,12.3086611,11.91229582,10.11462468,11.58397965,12.32624987,13.69014805,15.0315466,15.59136094,18.20552893,18.68746979,16.28384357,13.35960996
Equatorial Guinea,GNQ,Gross savings (% of GDP),NY.GNS.ICTR.ZS,,,,,,,,,,,,,,,,,,,,,,,,,,,,,,,,,,,,,,,,,,,,,,,,,,,,,,,,,,,,,,,
Eritrea,ERI,Gross savings (% of GDP),NY.GNS.ICTR.ZS,,,,,,,,,,,,,,,,,,,,,,,,,,,,,,,,,68.47543365,41.2689035,54.39376713,19.10630212,18.91164644,35.10262682,6.293301676,17.31699986,15.82071947,21.16965230848155,28.327041618543923,37.90432054178009,50.71964573926671,67.86778992862287,68.47543365,68.47543365,68.47543365,68.47543365,68.47543365,68.47543365,68.47543365,68.47543365,68.47543365,68.47543365,68.47543365,68.47543365,68.47543365,68.47543365,68.47543365,68.47543365,68.47543365
Estonia,EST,Gross savings (% of GDP),NY.GNS.ICTR.ZS,,,,,,,,,,,,,,,,,,,,,,,,,,,,,,,,,,,,,,,,,23.77095641,23.05750542,21.98479533,21.95506879,22.2689527,24.2738199,24.60894863,24.35478296,23.44182439,23.755581,23.36088435,26.88438579,27.45171547,27.52670728,27.83958935,26.85657626,26.43203512,28.74268644,28.9004783,29.2759155,28.01889524,29.51794409,27.39493036
Eswatini,SWZ,Gross savings (% of GDP),NY.GNS.ICTR.ZS,,,,,,,,,,,,,,,50.09226055,48.19055415625,46.2888477625,44.38714136875,42.485434975,40.58372858125,38.6820221875,36.78031579375,34.8786094,32.97690300625,31.0751966125,29.17349021875,27.271783825,25.37007743125,23.468371037500003,21.56666464375,19.66495825,19.7272732,17.37104937,13.98015134,18.10071085,15.50488973,13.96630065,17.23623752,13.51035971,13.0125503,21.22325988,26.85758965,23.00046067,21.4687068,18.70123006,23.16238952,19.51323644,21.65014738,13.95483443,9.427994175,7.857461029,3.850963854,17.63899194,22.63335204,23.55676002,22.64210688,19.14628339,16.22339877,16.07794601,15.14167015,15.06267385,19.34249945,21.98693778
Ethiopia,ETH,Gross savings (% of GDP),NY.GNS.ICTR.ZS,,,,,,,,,,,,,,,,,,,,,,,,,,,,,,,,,,,,,,,,,,,,,,,,,,,,32.55827582,30.91225561,28.33476359,31.45033178,29.52215954,30.95320402,30.59001255,33.16307924,29.03045038,27.12910708,25.07856534,21.56136874
Faroe Islands,FRO,Gross savings (% of GDP),NY.GNS.ICTR.ZS,,,,,,,,,,,,,,,,,,,,,,,,,,,,,,,,,,,,,,,41.93293324,38.95251692,40.45600542,39.27687352,33.94299262,28.51321299,25.48926901,16.11373274,25.22470548,28.45923758,21.24359245,11.95573113,23.34449041,28.77590581,32.359766520671705,36.38997486947868,40.922120688212,41.93293324,41.93293324,41.93293324,41.93293324,41.93293324,41.93293324,41.93293324,41.93293324
Fiji,FJI,Gross savings (% of GDP),NY.GNS.ICTR.ZS,,,,,,,,,,,,,,,,,,,,,29.46440958,21.70067625,18.47889471,15.73727845,17.46054828,20.40659302,22.14793247,18.29970712,19.66631333,13.65468464,5.846237444,9.304395402,7.447098609,7.916871803,7.704455397,10.00817458,20.892659,21.11803157,28.45594607,24.20614122,22.51396115,17.26988835,27.48774051,24.34432686,15.5672508,16.68167615,2.690072113,6.085538636,8.427305612,14.55764337,14.08631482,15.79781822,15.83008115,17.95864257,15.09320042,18.94081851,17.55699649,14.75846728,12.5924918,5.982873373,1.637937838,3.881546665,11.98274103
Finland,FIN,Gross savings (% of GDP),NY.GNS.ICTR.ZS,,,,,,,,,,,,,,,,30.64181938,29.00497868,27.76615465,28.16157137,29.75109633,30.50352841,29.3655975,28.04104916,27.68943243,28.33256204,27.41841401,27.14691892,26.67786762,28.96850778,28.39135673,26.68080247,19.39511891,16.97430726,17.67231204,20.64483801,23.77861016,23.29075139,26.42589359,27.6654327,29.1698041,31.26584618,31.96296665,30.90104915,28.0161264,29.5949197,28.60328189,28.76011708,30.01359524,28.26955687,23.86023566,23.8854134,22.89905803,21.48013136,20.36826574,20.69072314,20.89132927,21.28328741,23.20276998,23.42241789,23.78093349,25.05394904,24.61865215,24.42617455
France,FRA,Gross savings (% of GDP),NY.GNS.ICTR.ZS,,,,,,,,,,,,,,,,25.3972362,25.16013241,24.95332262,25.03235327,25.03987622,24.3533214,21.99501902,20.7957829,20.3883717,20.17550512,20.19365926,21.47006322,21.37974081,22.68689099,23.21577224,23.32739425,22.96077059,22.37867511,21.23720599,21.35331179,21.87521998,21.76257635,22.798806,23.85633166,24.49387805,23.83860095,23.94047626,22.75238757,22.23834622,22.55243437,22.46406939,23.3077574,23.74871742,23.44096293,20.97193358,21.08611951,22.11534336,21.45571394,21.38982183,21.48894054,22.25486926,22.00607565,22.75294457,23.15691984,23.76960098,20.84788485,23.56927167,22.63826381
French Polynesia,PYF,Gross savings (% of GDP),NY.GNS.ICTR.ZS,,,,,,,,,,,,,,,,,,,,,,,,,,,,,,,,,,,,,,,,,,,,,,,,,,,,,,,,,,,,,,,
Gabon,GAB,Gross savings (% of GDP),NY.GNS.ICTR.ZS,,,,,,,,,,,,,,,,,,,38.58494065,38.18026684,47.83123203,48.84230586,46.65152662,41.63120019,43.68140342,37.12695768,15.29227114,12.67565654,21.41055958,22.29277425,24.25212884,28.78044954,19.32582354,17.46450265,29.14043231,32.68248839,35.55973134,41.4472854,25.24562431,32.3114771,41.65710093,33.84013864,34.74738245,32.72843199,32.12160569,44.62805482,42.344795065,40.06153531,44.39139999,34.47758065,41.15857227,43.76117975,43.89029698,40.30591235,42.38661737,38.37799673,37.929490706465955,37.486226166862444,37.0481418563738,36.615177236041276,36.18727247439711,35.76436843919645,35.346406689245825
"Gambia, The",GMB,Gross savings (% of GDP),NY.GNS.ICTR.ZS,,,,,,,,,,,,,,,,,,,3.805523525,11.38289958,16.35490988,24.28969516,19.86790935,10.04140585,12.13708305,22.88075578,29.35005436,42.29748815,30.11474258,17.4571037,21.85365692,8.751055106,11.70374321,-0.158177872,-2.339214572,9.453100058,-3.311579658,7.538910136,7.9146537635,8.290397391,8.6661410185,9.041884646,9.4176282735,9.793371901,6.049969244,3.581799192,11.7469235,9.251759547,0.321282014,5.307848639,-0.353209991,6.286636727,15.72186593,5.587754677,11.40974832,18.89235754,19.9129072,18.68342833,15.67623811,15.36195061,21.9281618,30.42613405,30.12157167
Georgia,GEO,Gross savings (% of GDP),NY.GNS.ICTR.ZS,,,,,,,,,,,,,,,,,,,,,,,,,,,,,,,,,,,,,,-2.973655843,15.83173608,20.44804235,10.34174601,18.60340057,19.07470678,16.35351713,20.95744793,19.05730828,11.58868851,11.0122191,2.934098502,0.657004117,10.73150063,10.00804483,14.45722639,15.43198653,15.2817214,14.47218947,17.69749855,19.2461495,21.34452005,19.75662666,11.3243569,8.612767591,19.80946196
Germany,DEU,Gross savings (% of GDP),NY.GNS.ICTR.ZS,,,,,,,,,,,,26.14331578,24.97912064,24.70176697,23.54198477,20.020196,20.53816915,20.24688165,21.14466935,20.59694139,19.37505995,18.00557293,18.31691178,18.88364111,19.50102585,20.29797377,21.80801886,20.97377995,22.14742119,23.15342734,24.40255624,23.71694179,23.50981697,22.51315684,22.74805721,23.03807291,22.52154103,22.78568067,23.22600137,22.56341601,22.66891792,22.54064769,22.63958965,21.79639543,24.32094727,24.13096015,26.33842188,28.2674381,27.14870002,24.39683877,25.77636851,27.82258688,26.80026361,26.58238547,27.57490436,28.31064498,28.60399495,28.83901792,29.87843174,30.08728192,29.03149747,30.83699435,29.11095415
Ghana,GHA,Gross savings (% of GDP),NY.GNS.ICTR.ZS,,,,,,,,,,,,,,,,14.43689816,8.768116827,11.48281847,5.408398128,8.255379201,6.324054887,5.703356925,5.554915501,4.256864343,6.745700969,8.034206292,6.928619672,7.570857909,9.964098037,11.40509867,10.53340421,11.86260172,6.932544441,12.83635301,19.07726847,17.62560533,18.09530986,10.41086766,18.03163318,9.363192271,15.26586234,21.0927221,18.75432273,21.15628822,22.87169148,19.20731052,17.41153629,6.743782057,4.34097387,11.03620336,4.870860829,3.881762078,5.267519185,15.12746118,18.23290521,21.10305219,18.63519727,15.85963244,19.99788343,17.59063879,21.07551952,15.59446571,19.23800369
Gibraltar,GIB,Gross savings (% of GDP),NY.GNS.ICTR.ZS,,,,,,,,,,,,,,,,,,,,,,,,,,,,,,,,,,,,,,,,,,,,,,,,,,,,,,,,,,,,,,,
Greece,GRC,Gross savings (% of GDP),NY.GNS.ICTR.ZS,,,,,,,,,,,,,,,,,,,,,,,,,,,,,,,,,,,,,,,,,,,,,,,15.35959589,12.73612861,10.1005153,5.928917281,7.369950612,4.661275196,7.852711355,10.48014868,10.8150648,10.68422082,10.56993671,9.673807539,9.720664629,10.1915846,6.674245908,9.828707039,10.24020979
Greenland,GRL,Gross savings (% of GDP),NY.GNS.ICTR.ZS,,,,,,,,,,,,,,,,,,,,,,,,,,,,,,,,,,,,,,,,,,,,,,,,,,,,,,,,,,,,,,,
Grenada,GRD,Gross savings (% of GDP),NY.GNS.ICTR.ZS,,,,,,,,,,,,,,,,,,,,,,,,,,,,,,,,,,,,,,,,,,,,,,,,,,,,,,,,,,,,,,,
Guam,GUM,Gross savings (% of GDP),NY.GNS.ICTR.ZS,,,,,,,,,,,,,,,,,,,,,,,,,,,,,,,,,,,,,,,,,,,,,,,,,,,,,,,,,,,,,,,
Guatemala,GTM,Gross savings (% of GDP),NY.GNS.ICTR.ZS,,,,,,,,,,,,,,,,,,19.50552068,17.44803092,16.11567189,13.96677244,10.58030983,9.660428232,8.606631664,7.544876372,8.914568189,9.866356801,7.663029929,8.478746415,9.185494027,10.19728756,12.34829228,11.48472104,11.0207798,10.80423274,11.14982814,9.780747141,10.11337949,12.00428006,11.78960181,12.47922174,9.97522185,13.72008045,14.33735412,15.66799028,13.80210676,14.358039,14.45507455,11.6047357,12.79914147,11.64715901,11.1288429,11.55854326,11.59970462,11.77101546,13.57519221,14.82394456,14.78434296,14.66628963,16.67168994,18.53291728,19.05030858,17.97250859
Guinea,GIN,Gross savings (% of GDP),NY.GNS.ICTR.ZS,,,,,,,,,,,,,,,,,,,,,,,,,,,11.33882555,12.18050272,11.01416218,14.88859638,19.2097034,19.5441047,19.75616509,23.57023001,21.87027306,20.66546374,15.99570221,17.85804813,13.60948295,15.43797758,16.10914484,15.13439984,12.49704573,19.18547517,12.62725097,9.36235766,1.370038967,-3.683535253,4.270177717,-5.479269674,6.584895629,3.392748576,5.759062832,-7.779289243,-3.612141722,-7.384262067,-1.219425561,11.42341602,8.34352392,7.699052669,1.004911943,-0.56266086,2.254260927
Guinea-Bissau,GNB,Gross savings (% of GDP),NY.GNS.ICTR.ZS,,,,,,,,,,,,,,,,,,,,,,,-15.09363415,-10.50021186,-3.754034992,-13.96793427,13.83015051,12.86012721,14.60894823,6.93809698,14.47664337,3.915716591,7.46895519,7.406867308,7.451111639,9.6726506,6.570223473,14.44203093,11.06141992175,7.6808089135,4.30019790525,0.919586897,5.787412648,6.451030021,7.871925577,2.690953073,4.055296019,9.011689212,9.564888787,4.99312169,-2.893117709,10.8607503,2.177833022,1.054389684,12.00461768,10.0890297,7.747049292,8.420856608,13.42580543,11.55270531,13.56555925,14.60894823,14.60894823
Guyana,GUY,Gross savings (% of GDP),NY.GNS.ICTR.ZS,,,,,,,,,,,,,,,,,,6.668096241,14.12191602,15.83442366,13.31162571,-2.942407693,-6.743497472,-11.75067439,3.970178791,5.720452456,6.751285910857144,7.782119365714286,8.812952820571429,9.843786275428572,10.874619730285715,11.905453185142855,12.93628664,17.34847524,10.35802274,18.4848816,24.18554314,17.60566509,15.24667679,12.69077144,9.592453449,6.715415642,6.677187403,11.17809854,19.28980192,17.47544731,20.970794231454935,24.18554314,24.18554314,24.18554314,24.18554314,24.18554314,24.18554314,24.18554314,24.18554314,24.18554314,24.18554314,24.18554314,24.18554314,24.18554314,24.18554314,24.18554314,24.18554314
Haiti,HTI,Gross savings (% of GDP),NY.GNS.ICTR.ZS,,,,,,,,,,,,,,,,,,,,,,,,,,,,,7.827842126,9.73208709,2.967810054,11.40753573,11.0654587,-4.556622917,-0.968544906,26.43405869,26.91598359,23.18298438,25.78883108,26.57281244,6.903436681,6.212816264,9.049277793,15.81820794,10.58342894,9.915013214,13.23946282,8.294248033,10.65380166,11.5534587,24.12997162,18.48438919,14.23173391,13.74059258,11.60721826,12.36061034,12.49416041,15.78625072,12.03137723,15.72158342,17.72185796,13.4006048,11.60207322
Honduras,HND,Gross savings (% of GDP),NY.GNS.ICTR.ZS,,,,,,,,,,,,,,,16.09956501,8.959074733,11.44287505,15.3399196,13.90041779,13.3912807,8.290763963,5.667992918,2.731056049,2.629851991,4.384382386,6.796522002,5.719120589,9.250646289,12.95931078,8.82241133,13.73512902,13.8198339,12.617,20.05504569,23.76289264,21.92303464,20.43615879,23.52516621,23.91268235,26.69082202,20.2223818,18.78844751,18.69379865,18.80906997,20.18416906,23.8846004,25.08064317,23.98679213,21.45480268,18.85922371,17.54721868,18.69870873,16.00902136,12.69741003,14.7115963,19.67533238,20.42053231,23.15890299,19.58050175,20.11391802,21.55849289,18.8154512,19.10121631
"Hong Kong SAR, China",HKG,Gross savings (% of GDP),NY.GNS.ICTR.ZS,,,,,,,,,,,,,,,,,,,,,,,,,,,,,,,,,,,,,,,30.70300308,31.41611716,31.97805117,31.62559415,31.07340314,33.16580459,32.30578997,32.94088988,34.977612,34.41674449,36.02295722,31.73093327,30.89186581,29.70110514,26.7984115,25.54917171,25.21423123,24.85857891,25.46164178,26.65017878,25.73107777,24.04165242,25.97107679,28.61364966,25.49887759
Hungary,HUN,Gross savings (% of GDP),NY.GNS.ICTR.ZS,,,,,,,,,,,,,,,,,,,,,,,,,,,,,,,,,,11.87828708,15.69683786,19.33484402,20.75159423,21.5032979,21.34541094,18.70964802,19.2514346,19.77359556,18.54371144,15.78571687,16.69646549,16.57384953,18.08116841,16.76468574,17.69816301,19.77903795,20.75141542,20.93587831,21.06489538,24.48334805,24.54018258,25.33182251,25.73786252,24.71268091,26.73849359,27.44611005,26.29369188,26.6101795,25.55848961
Iceland,ISL,Gross savings (% of GDP),NY.GNS.ICTR.ZS,,,,,,,,,,,,,,,,,30.03339814,30.51381857,28.860882645,27.20794672,27.83555016,25.40961292,22.86380565,22.00595373,21.40682725,19.85529254,21.90004062,20.32499864,20.14903596,20.03539394,19.75115816,18.94507646,18.64447317,20.49164117,20.78590193,19.94392522,20.20828164,20.61856568,19.32834634,16.87603438,14.15331618,18.45126402,21.62098405,17.31279329,15.63886274,12.17602556,10.90542944,14.15866625,1.558339996,3.047733109,3.922168815,6.897581092,8.5209144,17.23952351,17.46377359,19.64533352,22.57342297,22.38926933,19.61144837,24.21772291,16.68740927,14.58532826,15.70100473
India,IND,Gross savings (% of GDP),NY.GNS.ICTR.ZS,,,,,,,,,,,,,,,,13.098093,15.96559808,15.40498137,15.05825672,15.76898749,14.52575614,15.80787417,15.80598492,15.35474951,15.79556695,16.79831129,15.78850603,16.9825251,18.15680913,20.14443959,21.21356324,21.7599661,23.24680162,24.08307928,25.95100089,26.96739109,27.04793504,27.55043402,25.88950465,25.6375365,26.11902731,26.25987903,28.11148557,30.47096654,33.33257124,34.4180229,36.36053211,37.011389,36.25408263,35.61743481,36.30587504,35.13179309,35.26129231,34.30465749,33.46602574,32.45392411,31.72641474,31.70675317,31.41049223,29.70220058,28.5076882,28.18140364,29.94749199
Indonesia,IDN,Gross savings (% of GDP),NY.GNS.ICTR.ZS,,,,,,,,,,,,,,,,,,,,,,20.19756789,15.53132058,23.91523692,23.05608877,23.52707224,21.0267627,24.10224052,23.31600888,26.18621821,22.45364177,22.07300051,23.30042166,28.99814745,29.87169532,28.13846186,27.80807993,29.03094123,22.42249233,13.20180441,26.28689921,27.19979393,23.01740778,20.68405036,20.76428995,24.33848663,25.77714359,25.17912344,28.45241261,29.0563768,32.72742299,33.22007305,31.98536977,31.12176664,30.66890946,30.12335649,29.92276832,30.87836343,31.6805228,30.90271351,29.22460873,32.93919992,37.03359108
"Iran, Islamic Rep.",IRN,Gross savings (% of GDP),NY.GNS.ICTR.ZS,,,,,,,,,,,,,,,,,39.98265495,36.28735706,24.95722414,28.70786378,22.22326413,21.808897712222223,21.394531294444445,20.980164876666667,20.56579845888889,20.15143204111111,19.737065623333333,19.322699205555555,18.908332787777777,18.49396637,23.23893804,27.40036940333333,31.561800766666664,35.72323213,35.48710547,35.20258985,40.17463385,36.13514918,29.40671921,36.78231732,37.93825046,38.975714441530116,40.041549038466094,40.17463385,40.17463385,40.17463385,40.17463385,40.17463385,40.17463385,40.17463385,40.17463385,40.17463385,40.17463385,40.17463385,40.17463385,40.17463385,40.17463385,40.17463385,40.17463385,40.17463385,40.17463385,40.17463385,40.17463385
Iraq,IRQ,Gross savings (% of GDP),NY.GNS.ICTR.ZS,,,,,,,,,,,,,,,,,,,,,,,,,,,,,,,,,,,,,,,,,,,,,,39.9221248,41.00552241,38.84608245,52.50764221,27.67255995,35.97825386,42.7477895,41.71142817,41.38548407,37.97563673,25.07153867,24.44497195,32.10213057,40.28107023,37.35014758,24.03149564,39.9411433,46.33733198549074
Ireland,IRL,Gross savings (% of GDP),NY.GNS.ICTR.ZS,,,,,,,,,,,,,,,,,,,,,,,,,,,,,,,,,,,,,,,,,,,,,,27.04717044,27.39250106,23.95091035,18.84738357,15.44661274,17.14399287,15.62461196,15.80227365,20.71131593,24.05921784,30.3377393,33.43697893,34.38612071,33.760919,35.18155274,36.73619525,37.11196265,34.98631836
Isle of Man,IMN,Gross savings (% of GDP),NY.GNS.ICTR.ZS,,,,,,,,,,,,,,,,,,,,,,,,,,,,,,,,,,,,,,,,,,,,,,,,,,,,,,,,,,,,,,,
Israel,ISR,Gross savings (% of GDP),NY.GNS.ICTR.ZS,,,,,,,,,,,,,,,,,,,,,,,,,,,,,,,,,,,,24.33903528,24.7560757,25.29431938,25.57717082,25.12804109,24.21322075,23.92939418,23.10576119,23.42943089,24.37843852,26.64207109,27.93824464,27.1666315,24.26388298,24.43752069,24.84675295,25.10451032,24.20837008,25.05859923,26.8633942,27.1869127,26.78222553,26.62599634,26.80353185,26.94039487,28.89908682,29.26976989,30.88550326
Italy,ITA,Gross savings (% of GDP),NY.GNS.ICTR.ZS,,,,,,,,,,,27.07711134,25.49382626,24.78030744,24.98015561,25.7350182,24.05601303,25.62671894,25.62765172,26.05507393,26.14114883,24.7572489,22.50748543,22.19427072,22.77609923,22.86512722,22.47145246,22.08612272,21.92190257,21.98321814,21.27472581,21.10747302,20.25976542,19.25904952,19.98295395,20.07680731,22.10102603,22.36804047,22.42196931,21.62963813,21.03090555,20.58978162,20.99683151,21.06669256,20.39928104,20.77603129,20.27948351,20.48806723,20.87527346,18.99223729,17.6282489,17.27255327,17.64425639,17.55087771,18.03182182,18.86054852,18.53172897,20.19833285,20.68469514,21.12883754,21.49228708,21.58867979,24.25170253,21.14913589
Jamaica,JAM,Gross savings (% of GDP),NY.GNS.ICTR.ZS,,,,,,,,,,,,,,,,,8.40716301,12.25671233,14.92395864,16.14644819,12.51971072,11.41394943,10.27755475,14.00485959,11.79521638,13.06094257,15.89910631,16.26158346,24.34385486,21.2788572,19.04196151,18.40585181,26.07481581,34.15254998,25.92305676,23.75191757,23.72457409,21.85150158,18.63217995,18.64704776,16.75970285,17.36108318,15.97010293,17.87396705,20.72595897,15.02524865,17.43626871,15.55247303,6.195810545,12.9525633,13.41918753,8.583871554,11.00568301,11.94109448,14.17906617,18.23148224,21.20667485,21.56071609,22.260498,22.70625828,25.05939159913434,27.65638880589554,30.522522414681685
Japan,JPN,Gross savings (% of GDP),NY.GNS.ICTR.ZS,,,,,,,,,,,,,,,,,,,,,,,,,,,,,,,,,,,,,33.42734066,33.21008023,32.35447097,30.65183065,31.03085423,29.72294203,28.50441093,28.71587681,29.31588438,29.51487698,29.81593218,30.34337994,28.64210741,25.3311155,26.37732272,25.58057141,24.89574884,25.25252313,25.77208863,28.17891582,28.72722324,29.28966717,29.12546746,29.1717019,28.16766715,29.55045039,28.45725457
Jordan,JOR,Gross savings (% of GDP),NY.GNS.ICTR.ZS,,,,,,,,,,,,,,,,,31.24114052,35.55690814,18.69267079,28.51779633,43.79188525,42.86799107,29.77233,23.34107175,22.76743775,14.43613381,17.53911237,14.50252762,18.06163183,28.20257941,20.97041038,14.48470164,16.92391529,24.62783723,26.25066556,29.15300663,27.3271439,26.12975298,22.23266961,24.79485835,22.68658209,20.77720905,25.24728161,32.59507242,27.72373902,16.1120821,16.88367649,12.83787177,26.98459188,27.46654611,28.10433802,21.734635,16.13469219,16.4354724,18.73295362,16.00385983,14.61073182,14.49851406,17.8587846,20.21500301,20.7134586059602,21.224204973335127,21.74754517434978
Kazakhstan,KAZ,Gross savings (% of GDP),NY.GNS.ICTR.ZS,,,,,,,,,,,,,,,,,,,,,,,,,,,,,,,,,,,,14.91091752,19.05267509,16.06032269,15.15365069,13.70779033,21.17117233,24.80992548,30.255851,28.52074127,27.41625027,28.454821,31.0640753,29.39037769,30.08561309,29.41296528,30.38927409,32.79171291,29.75482574,28.98782519,30.14127789,27.64339206,23.90119602,25.93409227,27.79133015,26.68268532,26.23044455,24.49573942,28.08385794
Kenya,KEN,Gross savings (% of GDP),NY.GNS.ICTR.ZS,,,,,,,,,,,,,,,,12.25729248,17.42962907,25.30817951,18.19384681,14.25156669,17.27965382,19.67944793,16.16404628,20.26883345,17.9444875,23.97474255,21.21527323,18.2579692,20.18254707,14.59731874,18.99172989,19.37218672,15.1245832,37.15647438,33.79850477,23.81787736,16.48075016,16.27074331,16.25858413,18.48646685,12.88052815,9.776646125,8.533097224,9.474741952,11.96134347,13.87269628,16.0612414,16.66189724,15.40485658,6.622681973,7.116656804,6.532058513,6.49889129,5.014268393,6.067957916,6.804498725,13.955398,13.27686606,14.46816087,14.07148389,14.27813916,16.26191353,15.56524653
Kiribati,KIR,Gross savings (% of GDP),NY.GNS.ICTR.ZS,,,,,,,,,,,,,,,,,,,,50.27014485,34.54322954,27.38685852,55.50250561,74.47619051,50.45207845,30.65434783,29.89148752,49.91960784,51.19999482,48.77857732,57.25818744,100.6708232,95.99630251,89.44418901478572,82.89207551957143,76.33996202435715,69.78784852914286,63.23573503392858,56.68362153871429,50.131508043500006,43.57939454828572,37.02728105307144,30.475167557857148,23.923054062642866,17.370940567428576,10.81882707221429,4.266713577,11.06339058,8.385997934,3.469027704,14.64846033,7.869301823,26.65201521,27.70447326,61.70031196,76.0624086,46.56072981,69.2331054,63.63351574,65.73516946,57.11518871,36.99814675,36.67062822481788
"Korea, Dem. People's Rep.",PRK,Gross savings (% of GDP),NY.GNS.ICTR.ZS,,,,,,,,,,,,,,,,,,,,,,,,,,,,,,,,,,,,,,,,,,,,,,,,,,,,,,,,,,,,,,,
"Korea, Rep.",KOR,Gross savings (% of GDP),NY.GNS.ICTR.ZS,,,,,,,,,,,,,,,,,25.54352993,28.55010452,31.5866505,30.65700892,25.10306565,24.51807631,26.42051352,30.08424665,32.09500985,32.04072762,35.42204876,39.17007406,41.41735711,38.71988423,39.02619244,39.03767405,38.13350428,38.19792218,37.89659797,37.6826403,35.9658109,35.91391946,37.72344712,35.37572139,33.8935814,31.93763718,31.45440086,32.98186327,35.46226062,33.76562363,32.89055346,33.45347261,33.32190514,33.28145476,35.04450744,34.67131668,34.66378694,34.84908939,34.98708153,36.34866468,36.78522554,37.01406395,35.85512285,34.78038233,36.22874636,36.75142807,34.46754278
Kosovo,XKX,Gross savings (% of GDP),NY.GNS.ICTR.ZS,,,,,,,,,,,,,,,,,,,,,,,,,,,,,,,,,,,,,,,,,,,,,,,,,22.11817325,22.64365107,20.32242898,22.63710974,25.78439131,26.48151733,20.60751236,21.66705058,25.54183765,29.28161284,28.63559565,28.87997717,26.58324759,27.22044824,24.71094334
Kuwait,KWT,Gross savings (% of GDP),NY.GNS.ICTR.ZS,,,,,,,,,,,,,,,,67.87210747,69.31792127,55.5451372,59.77064678,70.36316774,69.37864123,71.29749791,48.212414,51.23136795,53.25974871,44.20320488,56.43737585,52.29292225,49.0220394,51.80950061,19.68368411,-236.2422616,22.89988164,31.19358058,31.41336094,37.71059036,39.92214898,42.61787341,26.98791325,31.36088784,49.56655562,38.15887203,28.28473286,36.30634505,48.73520697,58.86399471,66.88440872,57.24848396,58.50181959,42.92629659,51.51914074,57.3815613,56.94058936,55.10841571,50.16986895,30.9181393,25.45229125,35.49196268,39.70286417,33.51775352,32.155551655699,30.848711315492928,29.594982540377583
Kyrgyz Republic,KGZ,Gross savings (% of GDP),NY.GNS.ICTR.ZS,,,,,,,,,,,,,,,,,,,,,,,,,,,,,,,,,,7.056434161,4.44670444,7.813499947,1.815585661,13.94590615,-7.949290066,2.751078054,14.66597131,17.17007278,16.89305419,10.05545877,15.40623687,14.69999746,10.92974694,20.86709338,14.63585212,25.1569631,19.93336614,17.40562585,12.74084565,9.116871134,11.52685159,12.17322226,22.45501694,26.66967328,26.57941455,26.66967328,26.66967328,26.66967328,26.66967328
Lao PDR,LAO,Gross savings (% of GDP),NY.GNS.ICTR.ZS,,,,,,,,,,,,,,,,,,,,,,,,,4.997561053,3.410325332,4.560123215,4.741678574,-0.61281468,0.1490416338333333,0.9108979476666668,1.6727542614999995,2.434610575333333,3.1964668891666665,3.958323203,4.720179516833333,5.482035830666667,6.2438921445,7.005748458333334,7.767604772166667,8.529461086,1.396712837,18.36760584,10.56472019,14.72240539,20.24489326,22.56604417,19.13907525,14.03131656,16.6210477,9.674716333,18.40307734,6.868000243,5.717231069,10.17183671,10.74736536,17.63879617,20.046840148545563,22.56604417,22.56604417,22.56604417,22.56604417,22.56604417
Latvia,LVA,Gross savings (% of GDP),NY.GNS.ICTR.ZS,,,,,,,,,,,,,,,,,,,,,,,,,,,,,,,,,,,,12.87458402,12.2229113,13.94514565,15.95983228,12.55883144,18.35729813,19.16241759,20.18203885,20.92875732,20.69636273,23.36784297,19.17365476,21.08051282,23.19711642,30.25637283,22.12219411,22.45620396,23.88543147,21.84010154,22.21341332,23.19129565,22.73756885,23.2574022,23.02374915,22.20165597,24.31041,21.07110618,21.0877767
Lebanon,LBN,Gross savings (% of GDP),NY.GNS.ICTR.ZS,,,,,,,,,,,,,,,,,,,,,,,,,,,,,,,,,,,,,,,,,,,-4.236025907,-16.35902798,6.464537178,7.472650566,10.28383706,14.74982939,8.0544156,7.438543391,4.936410269,2.700927031,-2.527303467,-2.319026851,-3.631205499,2.440395073,2.064255989,-0.934874803,-3.79871244,-6.015264137,2.235463171,-4.859546764,-2.574079335602791
Lesotho,LSO,Gross savings (% of GDP),NY.GNS.ICTR.ZS,,,,,,,,,,,,,,,,10.61275337,12.61682112,25.22307741,38.61086637,32.66476959,49.55987683,38.02936531,38.37523781038462,38.721110310769234,39.06698281115385,39.41285531153847,39.75872781192308,40.104600312307696,40.45047281269231,40.79634531307693,41.14221781346154,41.48809031384616,41.83396281423077,42.17983531461539,42.525707815,42.87158031538462,43.21745281576923,43.56332531615384,43.90919781653846,44.255070316923074,44.60094281730769,44.94681531769231,45.29268781807692,45.638560318461536,45.98443281884615,46.33030531923077,46.67617781961538,47.02205032,47.64216705,34.2450775,24.10779035,17.13063767,21.33538818,25.98348501,28.54019129,27.20191597,20.07656471,10.31401745,19.59336431,21.77990161,24.25057974,20.8853433,17.7721884
Liberia,LBR,Gross savings (% of GDP),NY.GNS.ICTR.ZS,,,,,,,,,,,,,,,,,,,,,,,,,,,,,,,,,,,,,,,,,,,,,,,,,,,,,,,,,,,,,,,
Libya,LBY,Gross savings (% of GDP),NY.GNS.ICTR.ZS,,,,,,,,,,,,,,,,,,,,,,,,,,,,,,,,,,,,,,,,,,,27.78094726,49.3116511,43.88491187,61.85593751,67.90200546,64.14435088,66.26828072,43.23159645,51.80383296,21.06178001,45.59370448,30.26244514,13.23626283,5.745893406,1.836065019,21.39593026,30.8898647,22.86488497,-21.60320766,47.53319655,47.9023239135518
Liechtenstein,LIE,Gross savings (% of GDP),NY.GNS.ICTR.ZS,,,,,,,,,,,,,,,,,,,,,,,,,,,,,,,,,,,,,,,,,,,,,,,,,,,,,,,,,,,,,,,
Lithuania,LTU,Gross savings (% of GDP),NY.GNS.ICTR.ZS,,,,,,,,,,,,,,,,,,,,,,,,,,,,,,,,,,,,13.3821244,12.49217137,14.92361144,12.83028529,10.5134387,12.9499929,14.37091557,15.6719696,15.25987704,15.07115201,16.86827379,16.35441846,17.00157076,14.9078332,14.72718064,18.32528262,18.30516518,18.18433346,21.22123505,23.08417846,18.82686259,18.1344216,19.73731832,20.63979211,21.31935638,21.85832116,21.5082468,21.40066981
Luxembourg,LUX,Gross savings (% of GDP),NY.GNS.ICTR.ZS,,,,,,,,,,,,,,,,,,,,,,,,,,,,,,,,,,,,,,,,33.25109449,31.73720652,30.46115601,27.38574056,23.88579032,33.14788552,36.08228264,28.90458924,36.85445532,29.8791923,11.80458536,17.93541891,18.60499125,25.44770226,22.39166927,24.12547897,17.80704139,19.57156686,21.68471257,20.4315296,18.00557374,21.54430855,20.29462761,18.52823212
"Macao SAR, China",MAC,Gross savings (% of GDP),NY.GNS.ICTR.ZS,,,,,,,,,,,,,,,,,,,,,,,,,,,,,,,,,,,,,,,,,,,41.41773514,44.25315389,49.02469159,49.1917879,48.41276174,58.23216851,45.96621612,46.05195504,52.16673654,54.15354861,53.48076815,53.40428809,52.5020841,48.67947672,48.37064768,50.34805685,50.03467439,47.85605222,40.42920917,31.07863755,35.48049773
Madagascar,MDG,Gross savings (% of GDP),NY.GNS.ICTR.ZS,,,,,,,,,,,,,,,5.5050071,5.156193868,7.605376371,6.677172476,4.936855163,1.148416124,37.70858511,29.48404922,21.38799079,21.90389236,23.30700279,15.31279628,18.55100089,22.47848481,14.77027978,40.07718759,31.18550265,25.81134271,32.80456766,33.52558066,27.69118764,4.477975422,8.650116579,6.858661708,6.980313039,8.09353341,7.722525943,14.15055996,5.788234171,10.17982063,16.29899385,10.39492715,14.96567179,18.99188817,23.6873011,17.59411615,16.54389156,15.51683796,12.88414454,8.311237729,14.08246698,12.44421746,15.57509571,14.65053475,18.09448484,16.12877344,8.173136987,10.96317278,15.22443885
Malawi,MWI,Gross savings (% of GDP),NY.GNS.ICTR.ZS,,,,,,,,,,,,,,,,,,,,,,,,,,,,,,,,,,,,,,,,,,,,,,,,,,,,,,,,,,,,,,,
Malaysia,MYS,Gross savings (% of GDP),NY.GNS.ICTR.ZS,,,,,,,,,,,,,,,23.95660157,20.27484306,28.08260637,27.24799013,27.59066671,33.35128382,29.31830119,25.2443025,23.92370484,26.36562376,28.64990571,25.62669421,25.62086211,31.04889927,31.65529926,30.68049,30.3826807,29.27826201,31.69647503,34.71317235,35.09141613,33.89325517,37.04072348,37.02054492,39.849159,38.30598077,35.91737958,32.25177903,32.73508467,34.85265146,35.13749662,36.81575495,38.79647451,38.76684258,38.51770801,33.36344163,33.4664683,34.08180299,30.91534949,29.41984011,29.36656695,28.39914764,28.38500192,28.33598761,26.12832474,24.54615063,23.82106148,25.99053952,26.58880294
Maldives,MDV,Gross savings (% of GDP),NY.GNS.ICTR.ZS,,,,,,,,,,,,,,,,,,,,,,,,,,,,,,,,,,,,,,,,,,,,,,,,,,,,,,,,,,,,,,,
Mali,MLI,Gross savings (% of GDP),NY.GNS.ICTR.ZS,,,,,,,,,,,,,,,,7.276386151,8.918472477,17.53361942,5.791420089,8.628206777,-6.986567633,-9.367917746,-8.822445647,-8.93724704,-11.60657336,-3.018063669,2.373977279,10.73335135,7.67615957,15.86919269,12.22936009,9.816903038,11.26929646,8.230697823,13.67133268,10.49876207,9.849050662,14.26581898,14.3180166,10.37479556,9.971180917,12.03975968,11.67861111,14.73397913,13.87850011,13.06916288,18.05486224,16.77002493,12.87182723,15.20865376,12.82172667,14.29790761,16.46478488,16.49291518,15.44921785,15.43661542,16.72368,14.37362514,15.55888058,15.07463629,15.1622104,13.83097186,13.357466078621087
Malta,MLT,Gross savings (% of GDP),NY.GNS.ICTR.ZS,,,,,,,,,,,,23.60156908,20.11188542,16.41183752,17.55549146,28.26754572,31.98243409,26.60922544,28.19076823,30.01942328,31.11483637,35.11926013,32.48238646,28.82021453,29.17644188,25.06144943,25.61913401,28.57311073,31.40307194,28.7776116,30.75757026,31.05688145,28.60605204,26.63886715,25.91181608,31.11743597,25.73611803,22.91421494,20.6650044,20.06349148,15.68348246,17.01202957,20.42462536,18.7698321,16.29311346,14.87201466,12.33445632,14.2998001,19.53193694,15.343284,18.30885471,18.26927356,17.79606913,20.6818673,24.79121024,27.46807914,24.73602093,28.83245103,28.00880575,28.72397419,24.34127233,27.07974603,26.69789266
Marshall Islands,MHL,Gross savings (% of GDP),NY.GNS.ICTR.ZS,,,,,,,,,,,,,,,,,,,,,,,,,,,,,,,,,,,,,,,,,,,,,,26.21359142,22.52273574,23.36682999,22.21879736,22.75178213,24.26523451,21.64127339,13.44408077,15.19343765,20.82794057,26.96606436,23.11389619,9.380173218,5.756924384,4.883104145,14.74340066,11.74339412,13.348852549381625
Mauritania,MRT,Gross savings (% of GDP),NY.GNS.ICTR.ZS,,,,,,,,,,,,,,,,5.376424165,-5.320374752,-8.27324699,1.36415918,-4.583777065,-1.042457349,2.483595178,-9.072372798,-5.451101799,0.704293324,12.48306382,8.745348987,10.81681309,15.70171429,13.79286101,6.587721269,17.19960196,14.91343505,7.529613552,43.16374456,16.46973961,18.54764893,10.8244925,17.78781169,19.13775427071429,20.487696851428574,21.837639432142858,23.187582012857145,24.53752459357143,25.887467174285717,27.237409755,28.58735233571429,29.93729491642857,31.287237497142858,32.63718007785714,33.98712265857142,35.337065239285714,36.68700782,35.52900126,22.86999688,21.473158,27.97779363,30.36615457,32.71161032,34.61941625,37.54885233,34.94590926,31.64700919
Mauritius,MUS,Gross savings (% of GDP),NY.GNS.ICTR.ZS,,,,,,,,,,,,,,,,,25.76530612,20.58066879,19.14349632,19.18848162,10.40588717,12.36164175,14.35394456,15.70947269,17.13091915,20.78469122,28.36548215,29.05210149,28.38615208,26.37795283,25.8215011,27.5821797,29.06090278,27.71797818,25.24777249,25.19328477,25.61738868,27.12849666,26.58727384,25.62323754,26.86910704,28.68402901,27.60854883,25.96305798,23.10527597,18.28589121,20.58966332,25.1023921,18.89253695,14.84563013,16.01805138,12.2974379,17.16510844,14.424271,12.94638151,13.90778646,13.04523875,14.0223179,15.0680061,14.01386316,8.075145006,6.189882083,8.637600432
Mexico,MEX,Gross savings (% of GDP),NY.GNS.ICTR.ZS,,,,,,,,,,,,,,,,,,,,21.83976287,26.10691143,25.35187675,26.09788838,28.49782973,26.34268983,26.72175979,20.97130717,25.74444384,20.56095447,19.72771377,19.82223436,18.21583197,16.4462619,18.84957844,19.18815635,20.69412615,21.30488891,21.82747025,22.56738745,22.50539136,20.86001483,20.80454523,20.56037879,19.78232086,21.46843866,19.66514052,21.89506772,21.53044275,20.31557015,20.27078598,19.06089067,19.19234294,19.0933907,16.29624268,16.77077777,18.45206844,19.31776766,20.54702485,21.41422395,21.22770689,22.10964727,21.7014695,19.90410133
"Micronesia, Fed. Sts.",FSM,Gross savings (% of GDP),NY.GNS.ICTR.ZS,,,,,,,,,,,,,,,,,,,,,,,,,,,,,,,,,,,,,,,,,,,,,,,,,,,,,,,,,,,,,,,
Moldova,MDA,Gross savings (% of GDP),NY.GNS.ICTR.ZS,,,,,,,,,,,,,,,,,,,,,,,,,,,,,,,,,,,,,13.46597821,8.712515175,4.678229704,20.29565292,18.3000329,21.96498562,21.26664603,16.86763745,24.04435799,22.90293257,21.77660817,23.86567177,23.32514813,14.05516733,17.00561094,13.96561686,16.75505676,19.72237121,17.57905311,18.35614452,18.59530965,16.23145685,15.87614725,15.53538866,16.11795232,14.42555555,10.02458842
Monaco,MCO,Gross savings (% of GDP),NY.GNS.ICTR.ZS,,,,,,,,,,,,,,,,,,,,,,,,,,,,,,,,,,,,,,,,,,,,,,,,,,,,,,,,,,,,,,,
Mongolia,MNG,Gross savings (% of GDP),NY.GNS.ICTR.ZS,,,,,,,,,,,,,,,,,,,,,,22.31639615,31.22685301,21.04707866,20.03182299,19.25257585,13.59618258,8.4889431,7.947175983,14.9139554,23.38445069,25.48209878,36.49696871,41.80193838,40.56227061,38.79343834,33.03263286,37.16397373,30.86690048,33.43775964,17.4236104,17.9178901,16.28291305,25.03807312,33.65779466,39.55757364,45.95742472,41.03167997,29.96148873,27.22845591,26.63044836,30.40358852,27.6982751,26.28005202,23.44557552,16.40055941,16.97609324,17.35832119,22.14089448,20.25862666,16.3069665,20.29233437,24.63055097
Montenegro,MNE,Gross savings (% of GDP),NY.GNS.ICTR.ZS,,,,,,,,,,,,,,,,,,,,,,,,,,,,,,,,,,,,,,,,,,,,,,,,-4.596981588,-8.290291402,-0.75975732,1.166782211,4.274971281,5.131020344,8.217416196,7.79945412,9.115146095,9.861786869,14.15519511,14.89603155,17.68758297,5.228698724,17.4322839,17.35306156
Morocco,MAR,Gross savings (% of GDP),NY.GNS.ICTR.ZS,,,,,,,,,,,,,,,,19.75246007,14.83273573,16.20537106,16.02863986,15.78868872,24.8186072,22.5752321,23.48671935,21.91107349,25.28172509,25.26178214,26.51053297,25.92647885,26.9863909,27.73963117,30.43960013,26.15992451,26.57124514,24.88115814,23.76298043,21.84522071,24.58680768,24.76179869,34.8304433,32.9672771,32.42728638,38.57284583,37.96411364,39.22805368,39.35678088,38.77852008,39.92387827,39.93821074,40.19030745,35.51072096,35.044103,33.7600403,31.31286388,32.64582124,25.3178069,28.25859751,28.26989401,28.59198405,27.32056306,27.23055961,27.69585194,28.21718905,26.77949002
Mozambique,MOZ,Gross savings (% of GDP),NY.GNS.ICTR.ZS,,,,,,,,,,,,,,,,,,,,,,,,,,,,,,,,,,,,,,,,,,,,,,,,,,,,,,,,,,,,,,,
Myanmar,MMR,Gross savings (% of GDP),NY.GNS.ICTR.ZS,,,,,,,,,,,,,,,,,,,,,,,,,,,,,,,,,,,,,,,,,,,,,,,,,,,,,,,,,,,,,,,
Namibia,NAM,Gross savings (% of GDP),NY.GNS.ICTR.ZS,,,,,,,,,,,,,,,,,,,,,,,,,,,,,,,37.81698426,26.69069971,28.87741282,25.71448739,29.4026304,30.4931339,27.80393157,24.74943324,26.61108082,23.70845949,27.64511467,22.32775855,26.26517672,26.02950966,30.28505779,30.49310165,35.48935617,28.26011747,26.66605707,16.52803312,18.57049221,14.76808878,14.97286953,19.1987084,22.93853414,16.28906904,6.044436689,13.12097807,11.64911704,13.22723008,16.77607576,6.024773596,5.538212146
Nauru,NRU,Gross savings (% of GDP),NY.GNS.ICTR.ZS,,,,,,,,,,,,,,,,,,,,,,,,,,,,,,,,,,,,,,,,,,,,,,,,,,,,,,,,,,,,,,,
Nepal,NPL,Gross savings (% of GDP),NY.GNS.ICTR.ZS,,,,,,,,,,,,,,,,,15.32127759,17.44328299,17.42714069,16.46995176,17.29647841,16.89507043,16.40124087,14.50573585,16.01258618,18.62311339,15.51951067,16.80707054,14.84427922,13.24642262,10.33419755,11.71677402,15.10886219,16.62517071,13.9920437,21.00779388,20.38508266,19.11054397,20.13192901,20.47123509,21.73051331,18.5502235,25.13148362,25.12676611,27.57583417,30.68571655,29.50425285,31.05886965,36.65691212,37.24818062,37.75048339,29.51612861,34.55533221,37.08131741,39.58967855,40.08820769,35.30506783,41.88063646,42.60310939,42.18751605,32.81596843,30.91100061,30.54789562
Netherlands,NLD,Gross savings (% of GDP),NY.GNS.ICTR.ZS,,,,,,,,,,31.4965968,28.97724478,28.6480974,29.00496142,30.06960123,28.44035604,25.22970684,25.80602721,24.26692624,22.74988338,22.67536167,22.66654405,22.79384321,22.27964164,22.82920396,25.48894812,23.51846446,24.00452568,23.83615642,25.09296414,26.47532542,25.20853159,24.73497262,24.07068442,24.36077623,25.33136359,26.34478624,27.08740039,27.39078616,25.63711476,26.74031987,27.02738411,25.14486219,23.64018134,24.56095556,24.94497145,25.35702423,26.74537691,27.05516269,24.42111961,23.25069365,26.01663045,26.92258125,25.99211883,25.99369606,26.34327555,27.6781319,27.5948086,29.51491611,30.27706737,29.01453075,26.90348461,33.64040847,30.5031115
New Caledonia,NCL,Gross savings (% of GDP),NY.GNS.ICTR.ZS,,,,,,,,,,,,,,,,,,,,,,,,,,,,,,,,,,,,,,,,,,,19.75220633,22.96984099,26.14659759,25.2931918,25.83227177,31.16116258,23.12967304,22.02163403,25.70804937,25.56542366,19.16739147,19.13998902,21.55497671,19.92086878,19.33410848,18.441717467501682,17.59051592696746,16.778602704556786,16.004164396666084,15.265471299702018,14.560873546798279
New Zealand,NZL,Gross savings (% of GDP),NY.GNS.ICTR.ZS,,,,,,,,,,,,,,,,,,,,,,,,,,,,,,,,,,,,,,,,,19.77460531,21.78885999,20.85363714,21.33572259,20.03024415,17.69107463,17.00809007,18.0473595,15.71732906,18.18348182,17.52586812,17.46929533,17.44536183,19.61645589,19.6163303,20.75361489,20.56964448,20.69452393,20.02413374,21.38795672,20.41336437,19.36900271,19.2005515
Nicaragua,NIC,Gross savings (% of GDP),NY.GNS.ICTR.ZS,,,,,,,,,,,,,,,,,,,,,,,,,,,,,,,,,,,-4.659504455,3.288071328,4.944683295,7.537212932,11.8431868,13.66363767,10.36669532,9.726870657,8.61012646,9.681161246,12.97669356,14.21294519,15.12276335,15.16991535,16.52935921,14.63567104,15.87306785,19.02003149,19.26051139,17.94997308,20.63138744,23.48871209,22.51123335,22.41782718,22.00762261,23.56786394,22.70686054,18.99439419,19.88058232
Niger,NER,Gross savings (% of GDP),NY.GNS.ICTR.ZS,,,,,,,,,,,,,,,5.399840737,7.747064783,10.31348759,14.02179526,20.72975305,19.11657254,17.1245365,10.05699542,6.71018057,9.00075606,2.387711235,8.321287743,9.915241674,4.363280044,13.31479086,6.820157999,6.881818498,8.24625947,6.098674799,5.450883218,9.536005017,8.510207847,13.55357624,11.5355489,13.44361267,10.56026833,13.44820214,15.25485551,14.59341275,14.00711121,12.96534349,20.21280038,20.66558289,18.63994089,21.68817116,16.47037664,24.28859761,22.1802292,23.30687148,24.19263495,24.97471085,24.16964268,21.30422752,20.44427357,22.92840097,25.01498162,13.06263129,16.99178869,16.97524569983653
Nigeria,NGA,Gross savings (% of GDP),NY.GNS.ICTR.ZS,,,,,,,,,,,,,,,,,,,,,,,,,,,,,,,,,,,,,,,,,,,,,,,,,,,,,,,,,,,,,,,
North Macedonia,MKD,Gross savings (% of GDP),NY.GNS.ICTR.ZS,,,,,,,,,,,,,,,,,,,,,,,,,,,,,,,,,,,,,12.19895564,6.049532058,3.880187176,7.248787078,21.89975923,12.64507133,13.06420234,15.71292275,14.57295125,18.55226413,21.89939868,17.63974476,16.19944258,20.41840852,23.79943678,25.87093836,26.66110315,27.37585005,29.87823496,28.67889937,30.27279971,31.88988845,32.71598845,31.83200486,27.11280577,29.10447812,28.88282206
Northern Mariana Islands,MNP,Gross savings (% of GDP),NY.GNS.ICTR.ZS,,,,,,,,,,,,,,,,,,,,,,,,,,,,,,,,,,,,,,,,,,,,,,,,,,,,,,,,,,,,,,,
Norway,NOR,Gross savings (% of GDP),NY.GNS.ICTR.ZS,,,,,,,,,,,,,,,,30.0888103,28.37974421,25.95152259,26.47366824,26.66327203,30.5441229,31.16941275,29.76224258,30.31363332,32.80564823,32.11603297,26.92736073,26.84350124,26.28331615,27.11760388,26.78431405,25.47755447,24.90797501,24.91440145,25.83217682,27.57565353,29.5077148,31.19921217,28.00502656,30.10056812,36.63282335,36.4999604,32.88249462,31.74547064,34.25594912,39.08230319,40.56100756,39.85125174,42.22535067,35.83804348,36.9544683,38.97989593,39.47286901,38.63173465,39.13610283,36.0004721,32.95305124,33.86108468,36.69118362,33.41545381,32.43626802,37.90018056,49.48668225
Oman,OMN,Gross savings (% of GDP),NY.GNS.ICTR.ZS,,,,,,,,,,,,,,,33.63236586,38.35954686,37.28371591,41.51880635,27.24776255,40.50407134,38.65254343,42.00135435,33.22219921,32.89536598,33.37820415,27.74096264,17.81821181,28.59093456,21.42347651,26.33477356,21.88978166,14.03849752,12.73016771,8.511258223,10.64409639,9.939993593,15.5861108,16.22630688,12.17113394,18.87493107,31.42143735,27.29104439,27.44456387,29.92938295,31.4611654,38.09239622,42.37914503,39.93643388,44.73994772,27.16891526,40.00233774,39.20557894,39.17676078,38.15326312,33.48735228,22.45979587,19.38726763,20.56649533,27.32737608,22.30194865,11.24582459,17.51110952,18.446323329081487
Pakistan,PAK,Gross savings (% of GDP),NY.GNS.ICTR.ZS,,,,,,,,,,,,,,,,,13.12745074,15.30561031,15.53536312,14.09599252,16.42223403,17.46949538,17.62049969,18.86861578,17.05066006,14.59671743,18.89509451,20.39677652,17.39404564,17.23267913,18.02974965,21.36395517,21.46648052,16.12698144,19.11277684,17.11299124,15.60699885,16.04084075,17.36726196,16.70232588,16.26307058,17.04327161,18.67802581,18.57228772,17.71133448,15.50085497,15.44185523,14.07226271,10.96628977,13.33094103,14.59040471,15.12603107,13.72571798,14.24705569,14.18125049,14.94426479,14.28614914,12.8974405,11.88258673,11.37499418,14.54158242,13.815687,10.59178841
Palau,PLW,Gross savings (% of GDP),NY.GNS.ICTR.ZS,,,,,,,,,,,,,,,,,,,,,,,,,,,,,,,,,,,,,,,,,,,,,,,,,,,,,,,,,,,,,,,
Panama,PAN,Gross savings (% of GDP),NY.GNS.ICTR.ZS,,,,,,,,,,,,,,,,,,28.08091147,30.42539592,27.30919715,22.76337955,18.85084151,27.98406154,25.04873977,12.47801225,15.58254889,14.44921237,23.24661111,15.88815371,2.336257591,15.84537191,11.78913294,17.1000504,19.8578997,23.01614735,22.34758025,24.97995034,25.94826039,20.26782218,18.37358584,21.90362493,19.58240742,18.67408062,17.90620028,15.06044371,17.20821984,19.84733894,26.48707919,27.93297709,27.20483363,22.64002204,27.45938623,29.44700159,30.44435185,27.45588946,31.61350482,29.71277913,31.58090967,31.61350482,31.61350482,31.61350482,31.61350482,31.61350482
Papua New Guinea,PNG,Gross savings (% of GDP),NY.GNS.ICTR.ZS,,,,,,,,,,,,,,,,,20.6127179,30.00006301,26.8387532,28.42584017,19.24852984,11.44815432,11.78890806,14.29357276,17.88343073,12.34410965,15.42566599,13.54934725,18.32690353,10.99349831,17.12279255,21.1222108,20.7395892,25.4759839,28.06540774,35.14868576,26.20889237,14.83252033,18.40817938,18.87893299,32.47997309,28.34857041,22.9407238,30.45881875,30.42114963,34.856281362025065,35.14868576,35.14868576,35.14868576,35.14868576,35.14868576,35.14868576,35.14868576,35.14868576,35.14868576,35.14868576,35.14868576,35.14868576,35.14868576,35.14868576,35.14868576,35.14868576,35.14868576
Paraguay,PRY,Gross savings (% of GDP),NY.GNS.ICTR.ZS,,,,,,,,,,,,,,,,,,,,,,,,,,,,,,,,,,,,19.77419931,21.5526278,17.45768665,21.61939458,20.66418937,14.77788143,17.73943853,26.90820426,21.00272844,20.03585539,20.35461853,23.14050579,25.59476677,22.92505309,20.96792393,23.36056074,24.24725198,19.83041854,23.42793621,21.81826885,21.79997998,24.3719534,23.9597952,22.52083459,21.11023223,21.92587163,23.19602285,20.51251762
Peru,PER,Gross savings (% of GDP),NY.GNS.ICTR.ZS,,,,,,,,,,,,,,,,,,12.2926563,18.01871027,26.59278859,28.65011892,24.66800805,27.10444996,22.22215363,22.27953159,24.33746186,14.80591996,15.30959995,14.8974438,17.04587864,13.05404587,13.9572812,13.09089231,13.3494756,16.76548061,16.38927607,16.25847042,18.25675798,17.75142609,18.39623253,17.31937946,16.66479751,16.95175338,16.8011088,17.83725569,19.74207343,23.32665637,24.11641848,22.75117687,20.92044192,22.44614337,23.70010285,22.86586847,22.4797959,21.21149718,20.62819525,20.37423448,20.59061626,20.40087174,20.71301651,19.87815656,19.66675986,17.85638901
Philippines,PHL,Gross savings (% of GDP),NY.GNS.ICTR.ZS,,,,,,,,,,,,,,,,,,,,,,30.49434662,28.0903166,30.62115999,23.76996983,18.20897611,18.49156517,21.80891419,22.62683359,22.17405081,22.43973244,20.99402592,20.71006743,20.35127344,22.42090706,21.93513252,22.40674714,23.91223379,29.61915805,35.96780108,33.39167413,34.62368334,35.26884429,35.6099557,36.22923092,37.7714551,37.22820163,36.75442236,36.02227474,37.94869171,39.75149109,36.87507108,35.13284935,36.35440171,37.34744798,35.63483337,35.05477242,35.48863168,33.80705072,31.75518721,24.81817336,20.20291883,22.48143873
Poland,POL,Gross savings (% of GDP),NY.GNS.ICTR.ZS,,,,,,,,,,,,,,,,,,,,,,,,,,,,,,,,,,,,21.09202275,20.64593952,20.36184928,21.28538877,20.20149988,18.42461738,17.22849801,15.51812031,16.23427853,14.10288373,16.51881644,17.10670895,18.56786482,17.95837651,16.67393825,15.89172295,17.53765051,16.9315108,17.39417003,18.08931342,19.71678498,19.24953658,18.8863464,19.51830914,20.25584034,21.15951094,20.47155144,19.58371095
Portugal,PRT,Gross savings (% of GDP),NY.GNS.ICTR.ZS,,,,,,,,,,,,,,,,16.24996947,18.07783895,21.07712077,25.97888685,28.59997994,27.37649157,23.07261629,21.47854955,20.93795178,19.48465143,22.1503997,26.3542858,28.64628463,28.89346398,29.27369465,28.00318687,25.23975034,25.29432665,22.76814697,21.65532364,24.63430288,21.49015264,21.62785726,22.15680215,20.29442779,17.94589936,18.1218928,17.36376481,16.41342883,15.5310971,13.69373798,12.78219378,13.43253808,11.42500299,11.01889865,10.61495059,13.3312533,13.79099425,15.61879657,14.96576633,15.64479626,16.3259061,18.02100432,18.33232284,18.39227843,17.69144005,19.489779,19.05466193
Puerto Rico,PRI,Gross savings (% of GDP),NY.GNS.ICTR.ZS,,,,,,,,,,,,,,,,,,,,,,,,,,,,,,,,,,,,,,,,,,,,,,,,,,,,,,,,,,,,,,,
Qatar,QAT,Gross savings (% of GDP),NY.GNS.ICTR.ZS,,,,,,,,,,,,,,,,,,,,,,,,,,,,,,,,,,,,,,,,,,,,,,,,,,,,60.09937759,60.32916706,58.25195068,55.74933389,45.56898651,43.36160747,46.59993043,49.74203696,46.15070294,41.78169755,51.44515887,57.51997623
Romania,ROU,Gross savings (% of GDP),NY.GNS.ICTR.ZS,,,,,,,,,,,,,,,,,,,,,,,,,,,,,,,20.70656021,24.91941649,22.89811252,24.21836762,23.25685852,18.62702063,15.99991131,15.20944516,11.18795892,11.51366602,16.00547638,17.31020594,18.82139077,16.3225301,15.80986011,14.2192556,16.99137404,17.79914999,21.81100669,22.5251644,21.81761614,22.87989339,21.83414148,24.33374709,24.71233915,24.71347235,22.1355484,20.8205586,18.73586611,19.42101666,19.60682044,19.08053026,17.40667589
Russian Federation,RUS,Gross savings (% of GDP),NY.GNS.ICTR.ZS,,,,,,,,,,,,,,,,,,,,,,,,,,,,,,,,,,,29.57601975,28.02270887,27.1159226,21.9453568,19.32350814,28.24599055,36.15420756,32.51291864,28.77477622,28.26623856,30.26043974,30.54657682,30.6608765,31.26685469,30.06388191,20.87620437,26.28371431,28.75756431,27.24417135,24.28209584,24.51218082,26.36670954,25.01341229,25.66868514,28.9492685,26.53727723,25.76849842,30.8423838,31.55879182
Rwanda,RWA,Gross savings (% of GDP),NY.GNS.ICTR.ZS,,,,,,,,,,,,,,,,,,,,,,,,,,,,,,,,,,,,,,,,,,,,,,,,,,,13.38115959,17.25656935,13.66407633,16.50880368,11.78427106,9.876771829,10.5576309,14.36182912,12.02122599,14.87464515,10.78784903,15.68227722,14.17019889
Samoa,WSM,Gross savings (% of GDP),NY.GNS.ICTR.ZS,,,,,,,,,,,,,,,,,,,,,,,,,,,,,,,,,,,,,,,,,,,,,,,,,,,29.51004313,31.41718494,31.27980284,27.65519376,27.62735623,30.90874211,33.93811798,31.9054729,36.07596293,35.60301596,33.64503302,28.45807477,26.20772588
San Marino,SMR,Gross savings (% of GDP),NY.GNS.ICTR.ZS,,,,,,,,,,,,,,,,,,,,,,,,,,,,,,,,,,,,,,,,,,,,,,,,,,,,,,,,,,,,,,,
Sao Tome and Principe,STP,Gross savings (% of GDP),NY.GNS.ICTR.ZS,,,,,,,,,,,,,,,,,,,,,,,,,,,,,,,,,,,,,,,,,,,,,,,,,,,,,,,,,,,,,,,
Saudi Arabia,SAU,Gross savings (% of GDP),NY.GNS.ICTR.ZS,,,,,,,,,,,,34.6838253,36.49830017,34.90499721,67.27726626,56.77730102,60.33235937,48.27797132,34.2759163,37.84663137,50.41301746,45.8731881,32.90695531,23.87115332,19.67126411,17.01319977,13.62286797,13.35777052,16.64880074,13.73645593,15.19229345,8.585114904,16.71914349,15.50817277,15.39678243,19.80253638,22.15459392,22.76274679,16.76809417,25.62128683,30.25820539,28.02759758,29.27031712,34.81638226,42.13973557,48.65310796,48.50552786,48.92772775,52.75226934,36.59862149,43.56365141,50.97254587,49.25621949,44.8554843,39.05579131,25.75074698,27.31756769,30.2596793,34.62450566,32.85452907,24.58444068,30.51855763,40.29182997
Senegal,SEN,Gross savings (% of GDP),NY.GNS.ICTR.ZS,,,,,,,,,,,,,,,21.02824213,17.32097813,15.00643559,15.36490865,9.849616235,9.223271704,3.484703033,7.452038161,7.98147895,5.212881969,4.958885789,5.080017378,2.630968628,5.943214168,2.64639969,2.706923209,2.571674768,3.016926434,3.748217469,1.492260277,5.815936465,8.491258919,7.980345467,10.76193457,11.13823156,11.54025307,11.27739504,14.67052201,13.03217327,14.52874915,13.56460966,15.31846369,13.40037883,15.15431762,14.90772985,14.98363407,16.28259413,14.38264516,15.84553142,16.28849941,18.95045391,20.14248357,21.15496611,22.54339638,23.0596653,24.02290542,25.48925382,26.22042975,26.22042975
Serbia,SRB,Gross savings (% of GDP),NY.GNS.ICTR.ZS,,,,,,,,,,,,,,,,,,,,,,,,,,,,,,,,,,,,,,,,,,,,,,,,10.01691128,9.003110651,14.73583512,13.87787498,10.3225832,10.92156742,13.92386218,13.10610739,16.31996009,16.33080152,15.53619718,18.68072125,18.28236213,20.59963277,21.57734441,20.25844581
Seychelles,SYC,Gross savings (% of GDP),NY.GNS.ICTR.ZS,,,,,,,,,,,,,,,,,29.21128524,43.65368959,46.14996688,26.15967541,33.12414656,23.63739226,12.60465294,18.40191896,30.84690412,33.43743418,32.56519494,35.31055166,35.43742838,29.73497796,23.58445803,21.7464814,20.98943767,21.34329395,26.29334499,22.277548,30.05324006,21.68912857,18.72415019,24.71654236,20.29009081,19.48361806,20.54561353,19.5528545,28.70321121,30.97560656,23.94305282,18.74786525,6.478286995,11.18045058,16.56097158,14.29805975,23.57303426,26.3369199,28.46953325,35.21563996,41.23243031,53.29682036,34.46464378,37.2088366,25.81893574,28.13741549,30.70723645
Sierra Leone,SLE,Gross savings (% of GDP),NY.GNS.ICTR.ZS,,,,,,,,,,,,,,,,,,10.97648508,19.03432252,16.81379597,2.919409647,3.761212876,5.249459793,3.803987877,11.21596071,-0.702380645,7.781082442,15.55533091,15.64524521,10.15904326,4.009146674,6.67397441,-2.853522667,-0.049181562,5.194085041,-3.322397172,1.970276326,-3.384964994,2.495269067,0.722274523,-9.492193624,-0.11407594,2.697625103,3.912867204,4.986082037,7.052872843,-7.585532234,11.65985077,11.521353,9.182017948,21.45945059,14.55617002,5.228652522,-12.88073502,15.12253812,0.102896452,1.503371535,-1.062281393,-2.264204905,2.933479972,-0.594247055,-3.538735116,-4.162742746709851
Singapore,SGP,Gross savings (% of GDP),NY.GNS.ICTR.ZS,,,,,,,,,,,,,26.29624144,25.35837106,25.83739513,29.65506492,30.08034627,30.19965403,32.4577112,35.44890806,33.82790762,35.85741133,37.22030237,41.58129605,44.08985345,41.56786335,39.79376123,37.8543961,41.35500807,42.76351565,43.73468201,44.97423481,46.99317694,44.36899966,48.09373883,50.59419122,48.87676269,52.30048338,51.34960865,48.91225773,46.37486398,40.081772,38.42802089,39.39879362,40.61435065,43.62664151,48.16852074,49.97091984,44.35846888,43.86310602,50.59158091,48.8092109,47.25310221,45.51569711,47.2950478,44.04621531,44.84871125,46.10347652,41.74622959,41.10254372,40.8233183,42.49828163,43.22256454
Sint Maarten (Dutch part),SXM,Gross savings (% of GDP),NY.GNS.ICTR.ZS,,,,,,,,,,,,,,,,,,,,,,,,,,,,,,,,,,,,,,,,,,,,,,,,,,,,,,,,,,,,,,,
Slovak Republic,SVK,Gross savings (% of GDP),NY.GNS.ICTR.ZS,,,,,,,,,,,,,,,,,,,,,,,,,,,,,,,,,,,,23.84740009,22.43185176,25.31572351,24.81924696,24.72609434,24.69224428,23.95706855,23.96964481,20.80849773,21.18266959,23.57730435,23.00498742,25.10471938,23.83126939,18.28056376,21.26542174,21.85800604,23.15103024,23.76093685,23.77320786,23.66705734,21.85809746,21.84211592,22.45669326,20.53510614,19.91641889,18.26196442,15.48676538
Slovenia,SVN,Gross savings (% of GDP),NY.GNS.ICTR.ZS,,,,,,,,,,,,,,,,,,,,,,,,,,,,,,,,,,,,24.1683297,24.53102829,25.5640296,25.88247165,25.2307152,25.55145296,26.17083691,25.80446982,25.28184247,25.68133814,26.54948345,28.42959853,28.72586263,27.41362303,22.38673113,21.90986966,21.56764994,20.36760622,21.9162327,24.44340169,23.08999469,23.455689,26.47406369,27.31599405,26.57909736,27.34922757,25.23265257,23.46722111
Solomon Islands,SLB,Gross savings (% of GDP),NY.GNS.ICTR.ZS,,,,,,,,,,,,,,,,,,,,,-125.9851815,-124.9175268,-128.9567932,-125.999409,-126.0138279,-124.7618475,-55.20441674,-18.86689214,-77.55282572,-59.78864447,-34.89664218,-44.9372729,-17.94198285,-27.52698048,-13.56978836,-7.569277079,-10.53668141,-7.48168201,7.716837155,6.189061485,-6.788962193,-19.64362537,-4.502906496,22.18233713,16.88342012,2.701815274,12.72926671,15.36481779,11.77699393,12.9860964,13.78896692,18.51227023,15.51632627,15.42856294,10.49448828,11.43678193,9.711056232,15.11956975,15.08771826,13.11521307,18.63403845,21.22045996215285,22.18233713
Somalia,SOM,Gross savings (% of GDP),NY.GNS.ICTR.ZS,,,,,,,,,,,,,,,,,,,,,,,,,,,,,,,,,,,,,,,,,,,,,,,,,,,,,,,,,,,,,,,
South Africa,ZAF,Gross savings (% of GDP),NY.GNS.ICTR.ZS,27.81244999,28.57359636,29.21540656,30.87836966,29.46135831,30.27316551,30.35168949,32.08565614,30.46108568,29.76372228,27.81736606,26.35578698,27.08229487,30.42998414,32.2581734,26.5344199,25.75245227,25.99705703,26.49745966,27.78818382,30.13733797,26.31841008,23.31835764,22.43080847,21.19388855,21.25935321,20.00017575,18.31560297,18.27714434,18.98875724,14.53396526,14.91901535,14.76527088,15.81817085,15.37134398,16.72292438,15.66763405,14.87210057,14.77072694,14.41349254,15.10713114,14.75987099,17.94627467,18.38560219,16.98124135,17.69809753,18.1066244,17.00703659,16.32364634,17.37743623,17.14240591,16.10205686,13.4973772,13.83784368,13.68177342,14.28897594,14.28791839,14.24370808,13.23023653,13.21602315,14.47513901,16.34036116,14.86974173
South Sudan,SSD,Gross savings (% of GDP),NY.GNS.ICTR.ZS,,,,,,,,,,,,,,,,,,,,,,,,,,,,,,,,,,,,,,,,,,,,,,,,,,,,,,,10.61344352,6.176861844,0.0,0.0,0.0,0.0,0.0,0.0,0.0
Spain,ESP,Gross savings (% of GDP),NY.GNS.ICTR.ZS,,,,,,,,,,,,,,,,25.09684157,22.51582258,22.93027977,23.53548498,22.57240955,20.48045666,18.48516447,18.55962956,18.39281016,20.07593851,20.87439353,21.79121775,21.68978997,22.83530546,22.29778064,21.80507657,21.19783043,19.34372803,19.18890926,18.70503073,21.31424747,20.99962855,22.06868856,22.70105023,22.28842506,22.32915226,22.08165877,22.96416866,23.62908281,22.80787767,22.12306677,21.71575326,21.01384562,19.56053587,19.22421511,18.64331657,17.85548934,18.51697832,19.25360755,19.57792092,21.00819065,21.91999801,22.17603284,22.34637944,22.9344685,21.08940684,22.34620682,22.09427411
Sri Lanka,LKA,Gross savings (% of GDP),NY.GNS.ICTR.ZS,,,,,,,,,,,,,,,,7.537896825,2.908484952,5.131476096,11.15229777,22.67599516,25.73613733,26.77387051,28.28235105,26.69216756,24.1453333,23.70354721,23.68409025,24.16404001,24.70399593,23.58043718,23.70049146,23.61268956,24.45369021,25.61813858,24.37927304,20.83157055,21.60054009,22.20264759,22.64724406,23.38654005,22.0996559,22.95410178,21.31126879,21.65615495,22.11889732,24.16260618,22.68688463,23.62660592,18.03312531,23.92987562,25.28215790833333,26.634440196666667,27.986722485,29.339004773333333,30.691287061666664,32.04356935,34.4668126,37.2856478,35.12372807,32.03361854,31.46644434,33.00765171,32.96612467
St. Kitts and Nevis,KNA,Gross savings (% of GDP),NY.GNS.ICTR.ZS,,,,,,,,,,,,,,,,,,,,,,,,,,,,,,,,,,,,,,,,,,,,,,,,,,,,,,,,,,,,,,,
St. Lucia,LCA,Gross savings (% of GDP),NY.GNS.ICTR.ZS,,,,,,,,,,,,,,,,,,,,,,,,,,,,,,,,,,,,,,,,,,,,,,,,,,,,,,,,,,,,,,,
St. Martin (French part),MAF,Gross savings (% of GDP),NY.GNS.ICTR.ZS,,,,,,,,,,,,,,,,,,,,,,,,,,,,,,,,,,,,,,,,,,,,,,,,,,,,,,,,,,,,,,,
St. Vincent and the Grenadines,VCT,Gross savings (% of GDP),NY.GNS.ICTR.ZS,,,,,,,,,,,,,,,,,,,,,,,,,,,,,,,,,,,,,,,,,,,,,,,,,,,,,,,,,,,,,,,
Sudan,SDN,Gross savings (% of GDP),NY.GNS.ICTR.ZS,,,,,,,,,,,,,,,,,,8.385412111,6.784071187,5.188945132,4.090689866,4.626355991,3.942449703,4.960978671,-0.539688851,4.537732343,10.99201503,9.172256247,9.074857174,6.685899287,2.061558075,-0.869915213,3.817408649,3.069250506,5.778875748,3.137226026,0.726863396,7.106962538,8.494119941,6.614530324,18.03560265,28.63458183,31.29764742,31.89931039,36.9555587,35.27025894,32.40623159,37.88917556,33.74008284,23.48517448,27.34787941,28.15134693,9.019691458,8.569256102,7.876162022,7.385352321,8.230976475,7.807688949,-1.172863476,5.11300711,4.650273517,6.71969623,5.424893616
Suriname,SUR,Gross savings (% of GDP),NY.GNS.ICTR.ZS,,,,,,,,,,,,,,,,,,,,,,,,,,,,,,,,,,,,,,,,,,,,,,,46.79388329,55.60508622,52.09755104,52.64341042,50.33990787,0.0,0.0,0.0,0.0,0.0,0.0,0.0,0.0,0.0,0.0,0.0,0.0
Sweden,SWE,Gross savings (% of GDP),NY.GNS.ICTR.ZS,,,,,,,,,,,27.58607807,26.880495,26.35226234,26.96593331,25.8109946,26.54520805,24.25639116,20.9549398,20.43950624,21.07596014,21.79060557,20.1337052,18.95316312,20.93849313,23.29435235,23.12725051,23.58388623,23.76591225,24.4578832,25.14565238,24.02805312,20.90794358,17.97275707,16.05423516,19.65033684,22.58677546,22.5736513,23.10467124,24.228742,25.6610407,26.81457951,27.21957852,26.43512334,27.78778471,27.7932039,28.3820615,31.13586361,32.5550394,32.03960263,27.33616412,29.1408208,29.0329943,27.69396598,27.33682757,27.56480169,27.4983342,27.09930926,28.53700383,28.61148492,30.39919645,31.11969449,32.71205756,33.43880528
Switzerland,CHE,Gross savings (% of GDP),NY.GNS.ICTR.ZS,,,,,,,,,,,,,,,,,,,,,,,,,,,,,,,,,,,,32.79706425,32.10385688,33.39080769,34.23724433,34.34713133,37.55525893,34.42705412,32.57728348,36.39187068,36.61781485,38.69129776,40.59324182,35.76243845,28.75065901,34.59957069,39.35441243,35.27082697,36.23098038,35.56364461,33.42075241,34.8318008,33.65321279,31.82193418,31.38751684,31.09476335,30.37698981,35.25016146,34.73424471
Syrian Arab Republic,SYR,Gross savings (% of GDP),NY.GNS.ICTR.ZS,,,,,,,,,,,,,,,,,,,,,,,,,,,,,,,,,,,,,,,,,15.67449921,18.99275211,20.23491691,18.20507688,17.4579956,16.94347693,18.82671292,15.93464437,12.00190151,10.70526704,14.67117872,14.592412863226894,14.514069880464909,14.436147501410176,14.358643467947518,14.281555534085005,14.204881465888876,14.128619041418787,14.052766050663442,13.977320295476531,13.902279589513041,13.82764175816589,13.753404638502916
Tajikistan,TJK,Gross savings (% of GDP),NY.GNS.ICTR.ZS,,,,,,,,,,,,,,,,,,,,,,,,,,,,,,,,,,,,,,,,,,,18.38363656,17.64823019,12.57878091,22.70467196,37.05355989,16.93017679,22.74869095,13.99587789,11.77606654,15.15024794,11.48703223,11.84955421,16.2152406,41.6700099,32.30531105,30.51056115,34.58522538,36.45670088,36.06481833,40.42973533,41.6700099
Tanzania,TZA,Gross savings (% of GDP),NY.GNS.ICTR.ZS,,,,,,,,,,,,,,,,,,,,,,,,,,,,,,,8.251160054,5.171566904,6.930823876,5.030526107,3.41528024,9.669850079,10.98166548,11.00368273,18.68756139,14.90232234,17.15599147,17.11576672,20.66194378,22.64342383,25.31890735,25.36112429,27.56129961,26.4557998,29.33605431,29.34293347,25.07276964,22.58420544,22.23688702,23.18828843,24.47046333,25.68405164,29.85343219,30.60917576,31.71075098,32.58305962,36.43142439,36.43142439,36.43142439
Thailand,THA,Gross savings (% of GDP),NY.GNS.ICTR.ZS,,,,,,,,,,,,,,,,20.56115673,20.45656531,21.88798238,23.73005897,22.00321363,22.09462118,20.85236792,22.30357965,21.99157815,22.43951988,23.00972021,24.39762944,27.30851646,32.00994994,34.04926396,32.82681871,34.52801617,34.01990542,35.94037856,35.8027071,35.80281171,34.60352018,32.25459751,31.74374451,30.45523757,30.78209372,28.22550958,28.10389061,27.97383964,27.89948411,28.24095242,30.44514831,32.24983409,30.66205573,29.2740608,29.62759068,31.43396297,28.9313114,27.22076715,27.48507895,28.04382366,30.07650445,31.94246723,31.68658494,31.70074528,28.17190822,27.34887578,26.61326339
Timor-Leste,TLS,Gross savings (% of GDP),NY.GNS.ICTR.ZS,,,,,,,,,,,,,,,,,,,,,,,,,,,,,,,,,,,,,,,,,,,,,,,159.2257707,223.9539459,372.9751667,218.7668195,257.300704,332.9187409,255.0956234,183.6870815,105.9389838,68.39922388,20.98755437,20.26335299,14.39601235,49.58154336,36.66540823,50.76474925,23.85600982
Togo,TGO,Gross savings (% of GDP),NY.GNS.ICTR.ZS,,,,,,,,,,,,,,,60.37381861,23.25797629,31.04465649,27.05970247,43.39819146,29.44422296,27.22946503,19.80004704,16.14036512,22.17888627,17.72625775,13.2058407,13.52830911,12.70244498,12.75744704,12.94247487,20.95188303,14.00437671,10.20541126,2.762259408,14.2511101,16.74161752,11.89959577,5.157525229,6.994832288,5.281957982,13.54109416,11.9910315,16.14662274,17.54864337,17.38469903,12.62659122,11.92959949,12.87876219,12.20200508,10.73675285,11.5011167,14.4688559,12.54548842,12.96609343,15.47142916,17.42518021,13.79078805,15.61854689,16.16938965,17.32502691,19.52641553,20.142539335625003,20.77810391076936
Tonga,TON,Gross savings (% of GDP),NY.GNS.ICTR.ZS,,,,,,,,,,,,,,,,,,,,,,17.94606648,39.85081232,32.63806356,24.68484093,19.60056623,23.46840718,26.71613073,11.40968732,19.60268359,26.23902954,9.127236038,20.65833162,20.79471826,13.64953523,14.4559369,15.26233857,16.06874024,16.87514191,17.68154358,18.48794525,19.29434692,19.29949826,15.24969456,16.94797227,12.58255539,15.33912598,11.09487876,8.545124351,7.917379549,11.29821519,16.37228813,20.97330278,15.92259827,15.57352947,9.702272498,14.1960581,21.67142219,22.32057914,28.33653531,23.4803337,4.564444622,4.426669838328152
Trinidad and Tobago,TTO,Gross savings (% of GDP),NY.GNS.ICTR.ZS,,,,,,,,,,,,,,,,,,,,,,,,,,,,,,,,,,,,,,,,,,,,,,,,,,,,,,,,,,,,,,,
Tunisia,TUN,Gross savings (% of GDP),NY.GNS.ICTR.ZS,,,,,,,,,,,,,,,,,25.81996897,22.41483298,23.59595967,27.42299219,25.32912855,24.95915268,22.61468228,26.66678661,25.71112038,23.66955035,19.28802766,22.88277648,22.75592786,22.86676731,23.43426229,22.23498288,21.86154605,19.5901262,21.13217485,20.33311029,22.60427935,21.67246239,21.88661766,22.76214552,22.17174953,22.03840576,20.26643301,20.27495282,21.10277292,20.20658585,21.16237799,20.74180922,21.21317499,20.95788483,21.42832774,16.496974,16.88957013,14.88728811,14.87048774,12.94511716,11.6645619,10.96317572,10.67197038,10.23591272,5.646188763,8.458596465,8.865115709
Turkiye,TUR,Gross savings (% of GDP),NY.GNS.ICTR.ZS,,,,,,,,,,,,,,,32.14903313,32.78769754,34.09913448,31.93100755,30.93064332,33.7057111,28.82433034,32.51285027,31.86435177,28.80582143,29.40241767,34.82273303,38.40291751,24.17165445,28.42580387,26.07682104,21.69136221,18.55266983,18.34879382,18.51395182,18.19131931,19.60909653,21.80070445,20.49207813,25.73123583,21.81994463,21.40401272,21.52006414,22.45263243,20.65369503,22.30676869,23.64034697,24.62672695,23.91227763,24.62039175,21.9496716,21.79766686,23.02724749,23.38042705,23.91172123,24.8999657,25.2125705,24.98019671,26.05594493,27.98549465,26.38999446,27.07606518,30.62251618,30.05193643
Turkmenistan,TKM,Gross savings (% of GDP),NY.GNS.ICTR.ZS,,,,,,,,,,,,,,,,,,,,,,,,,,,,,,,,,,,,,,,,,,,,,,,,,,,,,,,,,,,,,,,
Turks and Caicos Islands,TCA,Gross savings (% of GDP),NY.GNS.ICTR.ZS,,,,,,,,,,,,,,,,,,,,,,,,,,,,,,,,,,,,,,,,,,,,,,,,,,,,,,,,,,,,,,,
Tuvalu,TUV,Gross savings (% of GDP),NY.GNS.ICTR.ZS,,,,,,,,,,,,,,,,,,,,,,,,,,,,,,,,,,,,,,,,,,,,,,,,,,,,,,,,,,,,,,,
Uganda,UGA,Gross savings (% of GDP),NY.GNS.ICTR.ZS,,,,,,,,,,,,,,,,,,,,,,,3.673938002,5.005207558,7.364560499,5.662325424,5.121486908,3.080074394,4.283063129,5.59212524,4.541071958,7.386205233,13.08616119,16.01167211,18.86420225,15.03350182,21.83430167,24.22972248,18.86135693,17.58231382,14.35649304,14.56366734,16.61583267,17.8039744,20.94556204,20.8439315,17.52091327,16.80489478,22.37613212,17.6995451,18.6913058,16.58799171,18.54217588,22.47099018,25.13991073,16.5792422,24.19462726,23.59813381,21.3276374,22.68491715,21.81926517,19.65859347,21.70280359
Ukraine,UKR,Gross savings (% of GDP),NY.GNS.ICTR.ZS,,,,,,,,,,,,,,,,,,,,,,,,,,,,,,,,,,,32.27029963,23.40627982,19.978869,18.78776266,18.33067962,22.45269411,20.93041287,21.8860081,23.87172234,23.91180638,27.90474571,21.93338523,19.40339069,20.20712789,16.20877275,12.07058289,13.94410295,11.72237641,12.29811488,7.886474564,9.901623056,21.45707849,19.73208527,16.8636103,13.62216455,12.28500672,12.21956043,12.55659009,16.81928239
United Arab Emirates,ARE,Gross savings (% of GDP),NY.GNS.ICTR.ZS,,,,,,,,,,,,,,,,,,,,,,,,,,,,,,,,,,,,,,,,,,,,,,,,,,,,,,,,,,,,,,,
United Kingdom,GBR,Gross savings (% of GDP),NY.GNS.ICTR.ZS,,,,,,,,,,,24.46212298,23.45779588,22.11173449,22.92424588,20.06308664,19.3114249,20.62103093,21.76931088,22.12428789,21.24282523,19.641148,18.39858377,18.23654203,18.88012299,19.17771778,18.69375846,17.49511063,17.73439955,17.9115777,17.62640199,16.34961533,15.66321294,14.64995784,14.49693971,16.65067915,15.52285343,15.72693389,16.22929174,17.48052891,15.95513978,16.5886991,16.52402166,16.38114171,16.11861129,15.47238442,15.99363845,15.26580643,14.91606514,13.70899793,11.90258303,13.41000244,14.30247817,12.91490291,11.91359585,12.70095605,12.92407202,12.48456825,14.9906367,14.25387513,15.68814831,14.70385278,17.45913638,16.7298033
United States,USA,Gross savings (% of GDP),NY.GNS.ICTR.ZS,,,,,,,,,,,21.55942916,21.47830193,22.10881003,23.78593438,22.68335789,20.91525689,21.46457907,22.20819607,23.42848419,23.52214204,22.20286445,23.3667733,21.7901309,19.79541766,21.91104001,20.36566667,18.96102546,19.62135559,20.63486668,19.74936099,18.75926525,18.81418853,17.6880247,17.05100445,17.86170504,18.75893698,19.65112258,20.84765196,21.39049749,20.92609787,20.81334332,19.65727466,18.38085129,17.42872694,17.73316477,18.12245495,19.19974888,17.42794981,15.05881108,13.89305138,15.38325782,16.3373296,18.37929189,18.60463971,19.72101346,19.79472094,18.66769355,19.11037472,19.34773249,19.6369145,18.84972804,18.15992439,18.5831476
Uruguay,URY,Gross savings (% of GDP),NY.GNS.ICTR.ZS,,,,,,,,,,,,,,,,,,,18.97499434,18.99970651,8.079947833,16.98182955,14.89962479,10.92513242,10.01450778,9.832094796,12.57930327,12.74481479,15.24803103,13.60841359,14.08779779,15.96706016,14.63278918,13.94383412,13.65731453,14.1230045,14.06893077,13.56433206,13.94294029,12.00288515,10.96974653,11.4439531,15.38457852,14.92567766,16.72337975,17.57854649,16.51208453,16.89727995,15.9690122,17.67684076,17.14671248,17.55089881,12.81906778,14.54959032,13.23798685,15.20678087,18.5807339,16.40237396,14.54468215,15.63862553,15.47285119,16.0893639,15.41179568
Uzbekistan,UZB,Gross savings (% of GDP),NY.GNS.ICTR.ZS,,,,,,,,,,,,,,,,,,,,,,,,,,,,,,,,,,,,,,,,,,,,,,34.67248052,37.45477213,39.84045483,48.55826466,35.82231153,31.71918699,33.65577381,32.68119767,29.49102812,30.30217412,25.79368426,24.37896183,32.15476783,35.44735204,34.57564985,33.38943865,33.10653159,37.50365018
Vanuatu,VUT,Gross savings (% of GDP),NY.GNS.ICTR.ZS,,,,,,,,,,,,,,,,,,,,,,,,15.14783667,22.82862288,15.46423593,13.89821005,19.48358002,14.79984852,20.22544684,26.80307126,21.29301916,15.0723958,15.79808117,14.27465555,13.83143653,5.623696081,15.40171792,0.296663022,0.309581836,6.088196644,8.256230923,12.43319111,12.61963559,15.96200275,18.06008133,24.06894407,22.45949507,32.15576832,22.76254055,17.79643986,18.85445265,14.84701623,20.70487581,23.85590489,26.96006419,28.39766195,24.2497202,36.41012302,51.69578774,46.06233129,46.76097854,40.97242712
"Venezuela, RB",VEN,Gross savings (% of GDP),NY.GNS.ICTR.ZS,,,,,,,,,,,24.40365209,23.56679092,23.11469546,25.95620657,39.20166794,30.98706159,27.22384237,25.06981105,19.67053117,23.6878842,24.24927518,19.97226586,12.11173215,4.152300235,27.24310753,26.1856604,19.64274665,23.98154277,20.39144241,22.27641327,29.55064675,24.46670806,20.20386707,17.69115561,21.85046475,23.51013856,31.6972318,31.96255705,25.9489486,28.70623347,34.46699787,29.08217914,30.32164073,29.75493764,35.66095633,40.63935113,40.70429809,37.13654278,36.56020403,22.41370968,31.43295512,30.54288285,25.62897701,19.02767037,8.939355092,7.912103031680865,7.002896041120092,6.19816915507446,5.4859162051435675,4.855510693059692,4.297547248044417,3.8037013028460636,3.3666048948866165
Viet Nam,VNM,Gross savings (% of GDP),NY.GNS.ICTR.ZS,,,,,,,,,,,,,,,,,,,,,,,,,,,,,,,,,,,,,21.19650323,21.79550617,23.34479983,26.87137621,31.24779331,31.30189558,32.52767451,31.49322057,33.46638269,33.07503365,33.33076338,31.84021689,27.90047256,27.50274617,33.43620825,35.7658997,34.86501752,33.20134187,32.99155184,28.07293996,28.4694474,28.85687072,30.93169778,31.33303148,33.00732586,32.65275157,32.5672694
Virgin Islands (U.S.),VIR,Gross savings (% of GDP),NY.GNS.ICTR.ZS,,,,,,,,,,,,,,,,,,,,,,,,,,,,,,,,,,,,,,,,,,,,,,,,,,,,,,,,,,,,,,,
West Bank and Gaza,PSE,Gross savings (% of GDP),NY.GNS.ICTR.ZS,,,,,,,,,,,,,,,,,,,,,,,,,,,,,,,,,,,,8.151577921,6.118019709,5.705090696,9.620503077,9.147840641,11.62916409,9.350687167,12.43951922,1.528311033,-6.506599596,-0.983698033,1.204736496,16.45516412,26.83478213,8.098425882,7.706170438,-0.486052552,6.970331742,7.34119643,8.143042588,11.38985199,11.47746088,14.36621911,15.45448217,16.85982014,12.17484654,16.27279888,10.95224041
"Yemen, Rep.",YEM,Gross savings (% of GDP),NY.GNS.ICTR.ZS,,,,,,,,,,,,,,,,,,,,,,,,,,,,,,,,,,,,,,,,,,,,,,-68.0042612,-76.05601647,-83.53606281,-82.11630489,-91.84789936,-85.86410463,-90.35782632,-87.51483731,-90.71834077,-85.02052119,-103.9984065,-104.8339599,-104.8339599,-104.8339599,-104.8339599,-104.8339599,-104.8339599,-104.8339599
Zambia,ZMB,Gross savings (% of GDP),NY.GNS.ICTR.ZS,,,,,,,,,,,,,,,,,,,,,,,,,,,,,,,,,,,,,,,,,,,,,,,,,,,31.43342756,30.67026154,35.47462341,32.9503766,32.30301495,33.70021507,30.44015508,36.25246532,41.82583127,39.71439324,45.2178694,53.83630642,51.04923417
Zimbabwe,ZWE,Gross savings (% of GDP),NY.GNS.ICTR.ZS,,,,,,,,,,,,,,,,,,6.960865062,3.027380862,-1.253092835,-1.619719782,2.181025008,-5.47177939,-7.749489889,5.664416974,4.179830976,2.197183312,-1.900751859,3.091157819,0.907954563,-1.22227675,-5.672712713,-11.58518831,-0.153552288,-5.285670915,-5.373405802333333,-5.461140689666666,-5.548875577,-5.636610464333334,-5.724345351666667,-5.812080239,-5.899815126333333,-5.987550013666667,-6.075284901,-6.163019788333333,-6.250754675666666,-6.338489563,-6.426224450333334,-6.513959337666667,-6.601694225,-1.471216424,-0.250434552,-12.6636071,-5.481515144,-4.790794729,-10.08684098,-4.967817723,-2.682416913,13.92390634,17.70920246,16.76168962,-2.5115194896299604,0.3763182763666481
